variable,importancia,importancia_porcentaje,variable_original
demanda_misma_campaña_año_anterior,0.6397759763977342,63.97759763977342,demanda_misma_campaña_año_anterior
descuento_promedio_misma_campaña_año_anterior,0.05330379385038183,5.330379385038183,descuento_promedio_misma_campaña_año_anterior
campaña_Navidad,0.04181105285350194,4.181105285350194,campaña
mes_Diciembre,0.03262774454082833,3.2627744540828325,mes
categoria_Juguetería,0.029904915868046698,2.9904915868046698,categoria
demanda_mes_anterior,0.023539386223488508,2.353938622348851,demanda_mes_anterior
descuento_promedio_mes_anterior,0.02224737296334428,2.2247372963344283,descuento_promedio_mes_anterior
canal_Tienda,0.019893074671920714,1.9893074671920714,canal
tipo_campaña_Festiva,0.01675218962857073,1.675218962857073,tipo_campaña
categoria_Escolar y Oficina,0.009447590412806975,0.9447590412806974,categoria
categoria_Abarrotes,0.006641879670310174,0.6641879670310175,categoria
canal_Web,0.0046652693327930575,0.4665269332793058,canal
tipo_campaña_Regular,0.0045666466071373184,0.45666466071373185,tipo_campaña
campaña_Normal,0.004521827835384059,0.45218278353840585,campaña
categoria_Bebidas,0.004397486348797118,0.4397486348797118,categoria
canal_App,0.004063530092441102,0.40635300924411016,canal
categoria_Tecnología y Cómputo,0.003660284273656244,0.3660284273656244,categoria
categoria_Hogar,0.0034719746205713704,0.34719746205713703,categoria
tipo_campaña_Escolar,0.003183691913687783,0.31836919136877834,tipo_campaña
subcategoria_Decoración,0.002906045734837254,0.29060457348372537,subcategoria
tipo_campaña_Familiar,0.0027507176504839655,0.27507176504839653,tipo_campaña
campaña_Campaña Escolar,0.002689725313009726,0.2689725313009726,campaña
campaña_Fiestas Patrias,0.0025824688806129147,0.2582468880612915,campaña
categoria_Moda,0.002395654573155712,0.2395654573155712,categoria
mes_Marzo,0.0023932198699105366,0.23932198699105367,mes
categoria_Limpieza,0.0021680493865393986,0.21680493865393985,categoria
tipo_campaña_Digital,0.0020470059365670958,0.20470059365670956,tipo_campaña
subcategoria_Gaseosas,0.0019321372730327188,0.19321372730327188,subcategoria
subcategoria_Vajilla,0.0018763805840784353,0.18763805840784353,subcategoria
categoria_Cuidado Personal,0.0017339487212386926,0.17339487212386925,categoria
categoria_Electrohogar,0.0016833755455941295,0.16833755455941296,categoria
subcategoria_Jugos,0.001390124457161076,0.1390124457161076,subcategoria
categoria_Calzado,0.0012208061003945016,0.12208061003945016,categoria
subcategoria_Mochilas,0.0012175818157743518,0.12175818157743519,subcategoria
mes_Junio,0.001183178007092857,0.11831780070928569,mes
subcategoria_Aceite,0.0011756303196175605,0.11756303196175605,subcategoria
mes_Julio,0.0011586185304297582,0.11586185304297582,mes
campaña_Black Friday,0.0011033277579459502,0.11033277579459502,campaña
mes_Mayo,0.0010469396896826048,0.10469396896826048,mes
subcategoria_Calzado Deportivo,0.0008999097215567676,0.08999097215567677,subcategoria
subcategoria_Zapatillas,0.0008993602671991804,0.08993602671991804,subcategoria
subcategoria_Organizadores,0.0008951220887341043,0.08951220887341044,subcategoria
subcategoria_Polos,0.0008790400236760308,0.08790400236760308,subcategoria
subcategoria_Harinas,0.0007939849148159347,0.07939849148159346,subcategoria
subcategoria_Arroz,0.0007876667992527558,0.07876667992527558,subcategoria
mes_Noviembre,0.0007215845941095203,0.07215845941095203,mes
mes_Febrero,0.0007095599906752973,0.07095599906752974,mes
campaña_Día de la Madre,0.0005981323702963162,0.05981323702963162,campaña
subcategoria_Peluches,0.0005932338648963311,0.059323386489633104,subcategoria
subcategoria_Smartphones,0.0005880988105074977,0.058809881050749774,subcategoria
marca_Wayra,0.000564484619984581,0.0564484619984581,marca
campaña_Día del Padre,0.0005569636248644323,0.055696362486443225,campaña
mes_Octubre,0.0005488929229853895,0.05488929229853896,mes
subcategoria_Conservas,0.0005474547816346057,0.05474547816346057,subcategoria
subcategoria_Cuadernos,0.0005457026416486434,0.05457026416486434,subcategoria
mes_Abril,0.0005441275711933016,0.054412757119330156,mes
subcategoria_Jeans,0.000532053690855232,0.053205369085523195,subcategoria
marca_Ayni,0.000519547388399824,0.0519547388399824,marca
subcategoria_Freidora de Aire,0.0005173465166425997,0.05173465166425997,subcategoria
subcategoria_Camisas,0.0005152162618204786,0.05152162618204786,subcategoria
subcategoria_Perfumería,0.0005149670966317552,0.051496709663175516,subcategoria
mes_Septiembre,0.0004980497268030084,0.04980497268030084,mes
mes_Agosto,0.0004900262930069217,0.04900262930069217,mes
marca_Pukara,0.00048249110127796647,0.048249110127796646,marca
subcategoria_Televisor,0.0004761993441486232,0.04761993441486232,subcategoria
marca_Sumaq,0.0004658002535802621,0.04658002535802621,marca
subcategoria_Tablets,0.0004608166395197037,0.04608166395197037,subcategoria
marca_Tambo,0.0004580441351496487,0.04580441351496487,marca
subcategoria_Menestras,0.000457323338892152,0.0457323338892152,subcategoria
marca_Rumi,0.00044319205859968415,0.044319205859968416,marca
marca_Illari,0.00043568579616054743,0.043568579616054745,marca
subcategoria_Laptops,0.00042034891326083904,0.04203489132608391,subcategoria
marca_Killa,0.00040902916846610277,0.04090291684661028,marca
subcategoria_Ropa Deportiva,0.0004050197536053127,0.040501975360531274,subcategoria
subcategoria_Casacas,0.00040150778550995765,0.04015077855099577,subcategoria
subcategoria_Fideos,0.00039548258634929535,0.039548258634929535,subcategoria
marca_SolRetail,0.0003893674051786167,0.03893674051786167,marca
subcategoria_Bloques,0.00038068997025510556,0.03806899702551056,subcategoria
marca_Qori,0.000375924579521703,0.037592457952170304,marca
marca_Andesol,0.0003632778338497462,0.036327783384974624,marca
mes_Enero,0.0003626661066253001,0.03626661066253001,mes
subcategoria_Juguetes Educativos,0.0003554578947750104,0.03554578947750104,subcategoria
subcategoria_Vestidos,0.0003525109794693853,0.03525109794693853,subcategoria
marca_NortePlus,0.00033512169187787543,0.033512169187787544,marca
subcategoria_Zapatos Casuales,0.00033344236703581004,0.033344236703581005,subcategoria
campaña_Cyber Wow Abril,0.00033252944417175333,0.033252944417175336,campaña
marca_IntiMax,0.00031743140190880633,0.031743140190880634,marca
subcategoria_Útiles Escolares,0.0003136845384212746,0.031368453842127456,subcategoria
subcategoria_Energizantes,0.0003104225386066258,0.03104225386066258,subcategoria
subcategoria_Infusiones,0.00030921733023522516,0.030921733023522517,subcategoria
marca_Kawsay,0.00030231080933547177,0.030231080933547178,marca
marca_Misti,0.00030147121317375804,0.030147121317375805,marca
marca_InkaHome,0.00029920519406689854,0.029920519406689855,marca
subcategoria_Parrillas,0.0002854593737740789,0.02854593737740789,subcategoria
subcategoria_Lavadora,0.00028213976568849437,0.028213976568849438,subcategoria
marca_Altura,0.0002745861791769695,0.027458617917696947,marca
subcategoria_Refrigeradora,0.00027249574911835875,0.027249574911835876,subcategoria
subcategoria_Audífonos,0.00027232852714586983,0.02723285271458698,subcategoria
subcategoria_Lapiceros,0.00025173930987249725,0.025173930987249724,subcategoria
subcategoria_Monitores,0.0002465088126663794,0.02465088126663794,subcategoria
subcategoria_Detergente,0.00023760363491795883,0.023760363491795885,subcategoria
marca_Nativa,0.00022904839702328402,0.022904839702328404,marca
subcategoria_Sandalias,0.00022219208028193997,0.022219208028193996,subcategoria
campaña_Cyber Wow Noviembre,0.00019930463983824104,0.019930463983824104,campaña
subcategoria_Agua,0.0001977879984574918,0.019778799845749182,subcategoria
subcategoria_Microondas,0.00019694632426105427,0.019694632426105425,subcategoria
marca_CostaSur,0.00018808099997943801,0.018808099997943802,marca
subcategoria_Escritorios,0.00018202991560834633,0.018202991560834634,subcategoria
subcategoria_Shampoo,0.00017389681647796083,0.017389681647796085,subcategoria
subcategoria_Muñecos,0.00017143727019234114,0.017143727019234112,subcategoria
campaña_Cyber Wow Julio,0.00016898948972665789,0.01689894897266579,campaña
marca_Pacífico,0.00015822058144119688,0.01582205814411969,marca
subcategoria_Juegos de Mesa,0.00015223345633506844,0.015223345633506843,subcategoria
subcategoria_Ropa de Verano,0.00014957036297977172,0.014957036297977172,subcategoria
subcategoria_Sillas de Oficina,0.00014403048711050516,0.014403048711050515,subcategoria
subcategoria_Lavavajilla,0.00014368058910104128,0.014368058910104129,subcategoria
subcategoria_Desinfectante,0.0001417490012585356,0.014174900125853561,subcategoria
subcategoria_Sábanas,0.00014135516014771675,0.014135516014771674,subcategoria
subcategoria_Licuadora,0.00013407335045653146,0.013407335045653146,subcategoria
subcategoria_Teclados,0.00013045977516252705,0.013045977516252706,subcategoria
subcategoria_Crema Dental,0.00012706805088133485,0.012706805088133485,subcategoria
subcategoria_Ollas,0.00012310574041170987,0.012310574041170986,subcategoria
subcategoria_Bloqueador Solar,0.00012012091656780688,0.012012091656780688,subcategoria
subcategoria_Lejía,0.00011957388064042356,0.011957388064042356,subcategoria
subcategoria_Suavizante,0.00011821739749875034,0.011821739749875035,subcategoria
subcategoria_Jabón,0.00011791826635679611,0.011791826635679611,subcategoria
subcategoria_Impresoras,0.0001086645565638347,0.010866455656383469,subcategoria
subcategoria_Desodorante,0.00010356627093647374,0.010356627093647375,subcategoria
subcategoria_Toallas,9.501145464443239e-05,0.009501145464443238,subcategoria
subcategoria_Archivadores,7.531704783635904e-05,0.007531704783635905,subcategoria
subcategoria_Botines,7.359794657208792e-05,0.007359794657208792,subcategoria
subcategoria_Carros de Juguete,6.4578823056641e-05,0.0064578823056641,subcategoria
subcategoria_Mouse,5.800398807969554e-05,0.005800398807969554,subcategoria
nombre_Perfumería Misti 660,3.239874703429371e-05,0.003239874703429371,nombre
nombre_Organizadores InkaHome 783,3.100405560535154e-05,0.0031004055605351535,nombre
nombre_Ropa Deportiva IntiMax 056,2.9410069791785938e-05,0.002941006979178594,nombre
subcategoria_Accesorios,2.8238766986073807e-05,0.0028238766986073806,subcategoria
nombre_Casacas Pacífico 456,2.6366188369825348e-05,0.002636618836982535,nombre
nombre_Lavadora Pacífico 804,2.617569650578108e-05,0.002617569650578108,nombre
nombre_Zapatillas Wayra 787,2.5766219956185295e-05,0.0025766219956185293,nombre
nombre_Jeans Illari 997,2.4588211461796328e-05,0.002458821146179633,nombre
nombre_Jeans Kawsay 590,2.0748275991302998e-05,0.0020748275991302996,nombre
nombre_Zapatillas Rumi 519,1.8343635389214513e-05,0.0018343635389214514,nombre
nombre_Ropa de Verano Kawsay 654,1.776224186614791e-05,0.001776224186614791,nombre
nombre_Detergente NortePlus 631,1.7179166447617997e-05,0.0017179166447617996,nombre
nombre_Crema Dental Andesol 587,1.7109117798746386e-05,0.0017109117798746387,nombre
nombre_Mochilas Andesol 145,1.691930732233026e-05,0.001691930732233026,nombre
nombre_Impresoras IntiMax 744,1.6121145543293035e-05,0.0016121145543293034,nombre
subcategoria_Plancha,1.5297161237810714e-05,0.0015297161237810713,subcategoria
nombre_Arroz Misti 526,1.4158288649220754e-05,0.0014158288649220754,nombre
nombre_Jugos Andesol 170,1.4133901402008989e-05,0.001413390140200899,nombre
nombre_Infusiones Pukara 570,1.2721381191830946e-05,0.0012721381191830945,nombre
nombre_Polos Andesol 298,1.2592357289590094e-05,0.0012592357289590095,nombre
nombre_Casacas Wayra 384,1.2373012744834347e-05,0.0012373012744834348,nombre
nombre_Menestras Illari 807,1.112885478460467e-05,0.0011128854784604669,nombre
nombre_Mochilas Qori 650,1.078647924801812e-05,0.001078647924801812,nombre
nombre_Calzado Deportivo CostaSur 312,1.0559513804657178e-05,0.0010559513804657178,nombre
nombre_Infusiones CostaSur 351,1.0522913012226564e-05,0.0010522913012226565,nombre
nombre_Organizadores Misti 248,1.010382500031447e-05,0.001010382500031447,nombre
nombre_Calzado Deportivo Altura 627,9.818014826985168e-06,0.0009818014826985168,nombre
nombre_Desinfectante InkaHome 384,9.764140280790817e-06,0.0009764140280790817,nombre
nombre_Refrigeradora Ayni 227,9.62819872538295e-06,0.0009628198725382949,nombre
nombre_Jugos Rumi 366,9.219147049381673e-06,0.0009219147049381673,nombre
nombre_Detergente Pacífico 974,9.197483762984824e-06,0.0009197483762984824,nombre
nombre_Zapatillas SolRetail 362,8.713787579098483e-06,0.0008713787579098483,nombre
nombre_Gaseosas Ayni 791,8.66695531975135e-06,0.000866695531975135,nombre
nombre_Toallas Tambo 562,8.659909049269356e-06,0.0008659909049269357,nombre
nombre_Televisor Pukara 001,8.53426756841606e-06,0.0008534267568416061,nombre
nombre_Jeans SolRetail 709,8.46260762158083e-06,0.000846260762158083,nombre
nombre_Shampoo CostaSur 304,8.451419989538596e-06,0.0008451419989538596,nombre
nombre_Crema Dental SolRetail 944,8.061609205876225e-06,0.0008061609205876225,nombre
nombre_Vajilla Qori 832,7.612061793007179e-06,0.0007612061793007179,nombre
nombre_Bloqueador Solar Killa 316,7.570002433749467e-06,0.0007570002433749467,nombre
nombre_Útiles Escolares Qori 279,7.476672678459142e-06,0.0007476672678459142,nombre
nombre_Lapiceros Killa 796,7.440073159994078e-06,0.0007440073159994077,nombre
nombre_Escritorios Killa 718,7.330721128070391e-06,0.0007330721128070392,nombre
nombre_Botines InkaHome 795,7.231536540335674e-06,0.0007231536540335675,nombre
nombre_Zapatos Casuales Andesol 472,7.096625312433477e-06,0.0007096625312433477,nombre
nombre_Infusiones InkaHome 767,6.9844939567126625e-06,0.0006984493956712662,nombre
nombre_Energizantes Rumi 325,6.915724785984752e-06,0.0006915724785984752,nombre
nombre_Polos Kawsay 126,6.739166113143128e-06,0.0006739166113143129,nombre
nombre_Ropa Deportiva Ayni 510,6.636825605303055e-06,0.0006636825605303055,nombre
nombre_Organizadores Pacífico 753,6.459161650685293e-06,0.0006459161650685293,nombre
nombre_Arroz Tambo 056,6.3878783041830425e-06,0.0006387878304183043,nombre
nombre_Ollas Killa 225,6.375908743370585e-06,0.0006375908743370584,nombre
nombre_Audífonos InkaHome 964,6.070490201507821e-06,0.0006070490201507821,nombre
nombre_Ropa de Verano Tambo 524,6.056847103746279e-06,0.0006056847103746279,nombre
nombre_Menestras CostaSur 033,5.848640102516041e-06,0.0005848640102516041,nombre
nombre_Aceite Illari 698,5.847891767805182e-06,0.0005847891767805181,nombre
nombre_Televisor SolRetail 147,5.83549430975394e-06,0.000583549430975394,nombre
nombre_Freidora de Aire Misti 704,5.8191214092118005e-06,0.0005819121409211801,nombre
nombre_Desodorante Illari 260,5.8188802947778475e-06,0.0005818880294777847,nombre
nombre_Energizantes Tambo 079,5.799464143751673e-06,0.0005799464143751673,nombre
nombre_Infusiones Killa 849,5.73242852903348e-06,0.000573242852903348,nombre
nombre_Zapatillas Sumaq 051,5.713063055887441e-06,0.0005713063055887441,nombre
nombre_Televisor Illari 129,5.697016869550484e-06,0.0005697016869550484,nombre
nombre_Tablets Tambo 890,5.688185064459482e-06,0.0005688185064459482,nombre
nombre_Infusiones CostaSur 775,5.653110524301969e-06,0.0005653110524301969,nombre
nombre_Cuadernos NortePlus 947,5.591244762987139e-06,0.0005591244762987139,nombre
nombre_Zapatos Casuales Wayra 878,5.497892307510107e-06,0.0005497892307510107,nombre
nombre_Harinas Illari 169,5.4931004651842266e-06,0.0005493100465184227,nombre
nombre_Jeans Andesol 844,5.333844720616255e-06,0.0005333844720616255,nombre
nombre_Gaseosas Rumi 309,5.3094144086523705e-06,0.0005309414408652371,nombre
nombre_Decoración InkaHome 814,5.248309950954499e-06,0.0005248309950954498,nombre
nombre_Lavavajilla Pukara 018,5.230869515259033e-06,0.0005230869515259033,nombre
nombre_Perfumería InkaHome 208,5.188119276528438e-06,0.0005188119276528437,nombre
nombre_Gaseosas SolRetail 701,5.078458368315319e-06,0.000507845836831532,nombre
nombre_Aceite Ayni 718,4.9791079865628545e-06,0.0004979107986562855,nombre
nombre_Desinfectante CostaSur 426,4.952699162020356e-06,0.0004952699162020356,nombre
nombre_Bloqueador Solar Kawsay 605,4.863346903572588e-06,0.00048633469035725877,nombre
nombre_Audífonos Altura 075,4.858687969350677e-06,0.0004858687969350677,nombre
nombre_Perfumería Andesol 762,4.821225811176798e-06,0.0004821225811176798,nombre
nombre_Gaseosas NortePlus 086,4.785724614794832e-06,0.00047857246147948323,nombre
nombre_Detergente Sumaq 568,4.7782820218530185e-06,0.00047782820218530183,nombre
nombre_Escritorios Ayni 332,4.623795151503826e-06,0.0004623795151503826,nombre
nombre_Calzado Deportivo Wayra 889,4.469360928357881e-06,0.00044693609283578815,nombre
nombre_Infusiones InkaHome 555,4.4688993869005e-06,0.00044688993869005,nombre
nombre_Sábanas IntiMax 541,4.456964469055181e-06,0.0004456964469055181,nombre
nombre_Decoración Tambo 007,4.375603805733849e-06,0.0004375603805733849,nombre
nombre_Arroz Tambo 996,4.371604632972335e-06,0.0004371604632972335,nombre
nombre_Fideos Ayni 940,4.32473321748855e-06,0.000432473321748855,nombre
nombre_Audífonos Wayra 317,4.318635301620499e-06,0.0004318635301620499,nombre
nombre_Infusiones IntiMax 695,4.318424559659821e-06,0.0004318424559659821,nombre
nombre_Tablets Altura 037,4.313531290859664e-06,0.0004313531290859664,nombre
nombre_Sillas de Oficina Pukara 976,4.256137662491653e-06,0.0004256137662491653,nombre
nombre_Archivadores Tambo 925,4.234462088454161e-06,0.00042344620884541607,nombre
nombre_Aceite Wayra 176,4.182608549543363e-06,0.00041826085495433633,nombre
nombre_Fideos Illari 100,4.111697503071241e-06,0.0004111697503071241,nombre
nombre_Aceite Pukara 817,4.0913591942224405e-06,0.00040913591942224405,nombre
nombre_Menestras Ayni 801,4.082082637381819e-06,0.00040820826373818187,nombre
nombre_Polos Altura 388,4.041103475646312e-06,0.00040411034756463116,nombre
nombre_Gaseosas SolRetail 082,4.027761856519576e-06,0.00040277618565195765,nombre
nombre_Teclados Illari 908,3.993775269462728e-06,0.00039937752694627277,nombre
nombre_Toallas Qori 146,3.968820406542297e-06,0.00039688204065422975,nombre
nombre_Casacas NortePlus 438,3.855572919328862e-06,0.0003855572919328862,nombre
nombre_Tablets Tambo 584,3.819271862613682e-06,0.0003819271862613682,nombre
nombre_Zapatillas Pukara 927,3.77182058114767e-06,0.000377182058114767,nombre
nombre_Calzado Deportivo Ayni 682,3.7487906126657508e-06,0.0003748790612665751,nombre
nombre_Bloqueador Solar Wayra 580,3.724942334173174e-06,0.0003724942334173174,nombre
nombre_Fideos Ayni 898,3.6179254454875263e-06,0.00036179254454875266,nombre
nombre_Refrigeradora IntiMax 476,3.594411194224348e-06,0.00035944111942243483,nombre
nombre_Peluches Sumaq 688,3.4366370977828063e-06,0.00034366370977828066,nombre
nombre_Fideos Qori 765,3.426526439665463e-06,0.0003426526439665463,nombre
nombre_Decoración Andesol 887,3.3769723651312694e-06,0.00033769723651312693,nombre
nombre_Jugos Kawsay 420,3.3769536340312574e-06,0.00033769536340312573,nombre
nombre_Carros de Juguete Wayra 744,3.3182090099879816e-06,0.00033182090099879817,nombre
nombre_Zapatillas Wayra 037,3.307626576124109e-06,0.0003307626576124109,nombre
nombre_Energizantes Rumi 837,3.2558625023593687e-06,0.0003255862502359369,nombre
nombre_Camisas Tambo 087,3.230503900602406e-06,0.0003230503900602406,nombre
nombre_Camisas Pacífico 338,3.191746571138325e-06,0.0003191746571138325,nombre
nombre_Desodorante Misti 015,3.1625862669510168e-06,0.00031625862669510166,nombre
nombre_Smartphones IntiMax 168,3.1573850950308475e-06,0.0003157385095030848,nombre
nombre_Lapiceros Nativa 971,3.121717902957472e-06,0.0003121717902957472,nombre
nombre_Energizantes Andesol 853,3.1012467977760676e-06,0.00031012467977760676,nombre
nombre_Vajilla Andesol 876,3.0384662377121697e-06,0.00030384662377121695,nombre
nombre_Arroz Sumaq 282,3.0373606546336604e-06,0.00030373606546336604,nombre
nombre_Ollas Pukara 671,3.030081287849351e-06,0.0003030081287849351,nombre
nombre_Suavizante Pukara 410,3.0205024177730564e-06,0.00030205024177730564,nombre
nombre_Cuadernos CostaSur 479,2.9710904663269485e-06,0.0002971090466326949,nombre
nombre_Mochilas NortePlus 940,2.9601444657454623e-06,0.0002960144465745462,nombre
nombre_Televisor IntiMax 010,2.847017595005536e-06,0.00028470175950055365,nombre
nombre_Archivadores Pacífico 263,2.7955574351223736e-06,0.00027955574351223736,nombre
nombre_Casacas Qori 530,2.7856828043243604e-06,0.00027856828043243604,nombre
nombre_Decoración NortePlus 672,2.783532298750701e-06,0.0002783532298750701,nombre
nombre_Toallas Qori 170,2.7766729439128955e-06,0.00027766729439128955,nombre
nombre_Energizantes Nativa 059,2.760764791806264e-06,0.00027607647918062643,nombre
nombre_Toallas Andesol 327,2.6391004535442866e-06,0.00026391004535442867,nombre
nombre_Sillas de Oficina Andesol 460,2.5421761956639893e-06,0.00025421761956639894,nombre
nombre_Desodorante Illari 055,2.5415130694954414e-06,0.00025415130694954416,nombre
nombre_Perfumería Pukara 410,2.537578992531291e-06,0.0002537578992531291,nombre
nombre_Fideos InkaHome 292,2.52983259686549e-06,0.00025298325968654904,nombre
nombre_Bloqueador Solar Illari 135,2.5272102892262074e-06,0.0002527210289226207,nombre
nombre_Jabón Ayni 222,2.5155963330909233e-06,0.00025155963330909234,nombre
nombre_Gaseosas CostaSur 157,2.473551431389812e-06,0.00024735514313898124,nombre
nombre_Botines Ayni 151,2.460196940251958e-06,0.0002460196940251958,nombre
nombre_Harinas Killa 452,2.441431914045534e-06,0.0002441431914045534,nombre
nombre_Shampoo Misti 424,2.429685116035879e-06,0.0002429685116035879,nombre
nombre_Jabón Sumaq 022,2.421011435807343e-06,0.0002421011435807343,nombre
nombre_Harinas SolRetail 392,2.407086972852941e-06,0.0002407086972852941,nombre
nombre_Agua Sumaq 951,2.4035208794186528e-06,0.0002403520879418653,nombre
nombre_Parrillas Qori 830,2.3985784598766157e-06,0.00023985784598766157,nombre
nombre_Infusiones Wayra 196,2.389559115192974e-06,0.0002389559115192974,nombre
nombre_Decoración InkaHome 220,2.3710342328963514e-06,0.00023710342328963512,nombre
nombre_Shampoo NortePlus 370,2.342335595653545e-06,0.00023423355956535448,nombre
nombre_Detergente SolRetail 816,2.34207902661769e-06,0.00023420790266176898,nombre
nombre_Organizadores SolRetail 849,2.3302834417053285e-06,0.00023302834417053285,nombre
nombre_Smartphones Wayra 133,2.3234846728498126e-06,0.00023234846728498128,nombre
nombre_Monitores Nativa 320,2.3182902248039054e-06,0.00023182902248039053,nombre
nombre_Lavavajilla Qori 202,2.3154261681416285e-06,0.00023154261681416284,nombre
nombre_Lavavajilla SolRetail 389,2.3126435022380524e-06,0.00023126435022380524,nombre
nombre_Zapatos Casuales Qori 581,2.3017794497981473e-06,0.00023017794497981472,nombre
nombre_Crema Dental SolRetail 769,2.298996734240141e-06,0.00022989967342401413,nombre
nombre_Harinas NortePlus 475,2.2972021379187726e-06,0.00022972021379187726,nombre
nombre_Ropa de Verano Illari 424,2.2953718279688046e-06,0.00022953718279688045,nombre
nombre_Lavadora SolRetail 205,2.2654320859768185e-06,0.00022654320859768185,nombre
nombre_Casacas Tambo 422,2.2597711435695572e-06,0.00022597711435695572,nombre
nombre_Casacas InkaHome 876,2.255938461667405e-06,0.00022559384616674052,nombre
nombre_Aceite Ayni 571,2.2454172223829395e-06,0.00022454172223829394,nombre
nombre_Menestras Illari 756,2.2438515859389947e-06,0.00022438515859389947,nombre
nombre_Shampoo Misti 989,2.2136999430600076e-06,0.00022136999430600075,nombre
nombre_Detergente InkaHome 344,2.198036429743206e-06,0.00021980364297432062,nombre
nombre_Ropa de Verano Nativa 906,2.1971940258179714e-06,0.00021971940258179714,nombre
nombre_Calzado Deportivo Tambo 239,2.1778944009962157e-06,0.00021778944009962157,nombre
nombre_Jeans Altura 148,2.1701817547628735e-06,0.00021701817547628737,nombre
nombre_Harinas NortePlus 640,2.1590585129145322e-06,0.00021590585129145322,nombre
nombre_Suavizante Killa 770,2.1375070136089775e-06,0.00021375070136089776,nombre
nombre_Conservas Altura 761,2.131960668734718e-06,0.00021319606687347182,nombre
nombre_Gaseosas SolRetail 265,2.0994959277487175e-06,0.00020994959277487174,nombre
nombre_Juegos de Mesa Tambo 148,2.086258170905579e-06,0.00020862581709055788,nombre
nombre_Jeans Ayni 548,2.0853009902238583e-06,0.00020853009902238582,nombre
nombre_Monitores Rumi 052,2.0768900920907143e-06,0.00020768900920907144,nombre
nombre_Mochilas Tambo 148,2.058142763689038e-06,0.0002058142763689038,nombre
nombre_Polos Tambo 746,2.052659961801686e-06,0.0002052659961801686,nombre
nombre_Vajilla CostaSur 962,2.0522031219486454e-06,0.00020522031219486454,nombre
nombre_Desodorante Tambo 421,2.0379386135298363e-06,0.00020379386135298361,nombre
nombre_Lavadora InkaHome 747,2.027059134278184e-06,0.0002027059134278184,nombre
nombre_Vajilla Kawsay 924,2.015934634405738e-06,0.00020159346344057383,nombre
nombre_Lapiceros Pukara 477,2.012172894593303e-06,0.00020121728945933032,nombre
nombre_Aceite InkaHome 062,2.0004258750376454e-06,0.00020004258750376454,nombre
nombre_Vestidos Killa 488,1.9986258148542057e-06,0.00019986258148542056,nombre
nombre_Toallas Rumi 791,1.992473537188335e-06,0.0001992473537188335,nombre
nombre_Tablets Wayra 049,1.9853055959534007e-06,0.00019853055959534008,nombre
nombre_Ropa Deportiva IntiMax 157,1.974220239267395e-06,0.00019742202392673952,nombre
nombre_Gaseosas Illari 058,1.9661851228191647e-06,0.00019661851228191645,nombre
nombre_Mochilas Wayra 966,1.920839193498439e-06,0.0001920839193498439,nombre
nombre_Energizantes NortePlus 477,1.917155794668103e-06,0.00019171557946681033,nombre
nombre_Decoración Sumaq 324,1.9138053731499944e-06,0.00019138053731499943,nombre
nombre_Jugos Sumaq 906,1.9029691097526213e-06,0.00019029691097526214,nombre
nombre_Menestras Pukara 478,1.8995392585121825e-06,0.00018995392585121826,nombre
nombre_Lejía Altura 521,1.8933329976278192e-06,0.00018933329976278192,nombre
nombre_Fideos NortePlus 003,1.8928052417189198e-06,0.00018928052417189198,nombre
nombre_Impresoras CostaSur 939,1.8796772210695355e-06,0.00018796772210695356,nombre
nombre_Arroz Tambo 279,1.87374698040771e-06,0.000187374698040771,nombre
nombre_Aceite Ayni 494,1.8651907016831293e-06,0.00018651907016831293,nombre
nombre_Smartphones Pacífico 108,1.8636256483952947e-06,0.00018636256483952948,nombre
nombre_Smartphones NortePlus 271,1.861759177047499e-06,0.0001861759177047499,nombre
nombre_Arroz Misti 701,1.8509034960615352e-06,0.00018509034960615352,nombre
nombre_Decoración Kawsay 340,1.8397282374059998e-06,0.00018397282374059998,nombre
nombre_Archivadores Killa 457,1.832109092962737e-06,0.0001832109092962737,nombre
nombre_Desinfectante Nativa 854,1.8251865676153633e-06,0.00018251865676153633,nombre
nombre_Escritorios Altura 223,1.8241617363230877e-06,0.00018241617363230878,nombre
nombre_Polos IntiMax 138,1.8165729435275773e-06,0.00018165729435275774,nombre
nombre_Jugos CostaSur 974,1.81376394857645e-06,0.000181376394857645,nombre
nombre_Arroz Ayni 809,1.7942137535478843e-06,0.00017942137535478843,nombre
nombre_Mochilas Ayni 801,1.7837494247540792e-06,0.00017837494247540793,nombre
nombre_Freidora de Aire Wayra 850,1.7783671735441535e-06,0.00017783671735441535,nombre
nombre_Juguetes Educativos Misti 672,1.7677627114359026e-06,0.00017677627114359026,nombre
nombre_Desodorante Sumaq 506,1.7467980675570985e-06,0.00017467980675570986,nombre
nombre_Sillas de Oficina SolRetail 256,1.7420732175149234e-06,0.00017420732175149235,nombre
nombre_Toallas Wayra 254,1.7326555622317657e-06,0.00017326555622317657,nombre
nombre_Decoración Qori 368,1.7177428456669279e-06,0.0001717742845666928,nombre
nombre_Jugos Wayra 686,1.7151690612409394e-06,0.00017151690612409395,nombre
nombre_Fideos Nativa 963,1.707618098158819e-06,0.0001707618098158819,nombre
nombre_Perfumería Misti 840,1.703836843924216e-06,0.0001703836843924216,nombre
nombre_Fideos Wayra 144,1.6580272311477042e-06,0.00016580272311477042,nombre
nombre_Casacas Nativa 587,1.655156651726313e-06,0.0001655156651726313,nombre
nombre_Monitores Wayra 439,1.6501953073783818e-06,0.00016501953073783817,nombre
nombre_Desodorante Illari 138,1.6424570092082117e-06,0.00016424570092082118,nombre
nombre_Bloqueador Solar Ayni 527,1.5996291914344134e-06,0.00015996291914344133,nombre
nombre_Organizadores SolRetail 692,1.5864074629888702e-06,0.000158640746298887,nombre
nombre_Toallas Rumi 556,1.572564710360655e-06,0.0001572564710360655,nombre
nombre_Gaseosas Kawsay 498,1.5649156139676236e-06,0.00015649156139676236,nombre
nombre_Lavavajilla Pacífico 077,1.542382480109139e-06,0.0001542382480109139,nombre
nombre_Aceite Tambo 942,1.5309615695265416e-06,0.00015309615695265416,nombre
nombre_Lapiceros Altura 709,1.5232000286300049e-06,0.00015232000286300048,nombre
nombre_Agua Pukara 603,1.500837741376803e-06,0.0001500837741376803,nombre
nombre_Shampoo NortePlus 229,1.497224543777865e-06,0.00014972245437778648,nombre
nombre_Refrigeradora Qori 191,1.4903797001022125e-06,0.00014903797001022126,nombre
nombre_Freidora de Aire InkaHome 575,1.4883965938098457e-06,0.00014883965938098458,nombre
nombre_Decoración Wayra 602,1.457365238608915e-06,0.0001457365238608915,nombre
nombre_Smartphones NortePlus 985,1.4564237579496296e-06,0.00014564237579496296,nombre
nombre_Arroz Nativa 561,1.4400028172624376e-06,0.00014400028172624376,nombre
nombre_Ropa Deportiva Ayni 370,1.4363351786735812e-06,0.00014363351786735813,nombre
nombre_Perfumería Altura 590,1.434751586822768e-06,0.0001434751586822768,nombre
nombre_Organizadores Misti 760,1.4178132946796626e-06,0.00014178132946796626,nombre
nombre_Lavadora Tambo 797,1.4018128823420779e-06,0.0001401812882342078,nombre
nombre_Refrigeradora Wayra 431,1.40044311784691e-06,0.00014004431178469098,nombre
nombre_Aceite IntiMax 077,1.3957575527758157e-06,0.00013957575527758157,nombre
nombre_Menestras Kawsay 761,1.3842919713136436e-06,0.00013842919713136437,nombre
nombre_Calzado Deportivo Ayni 908,1.381778998799555e-06,0.0001381778998799555,nombre
nombre_Perfumería Killa 836,1.379864965075508e-06,0.0001379864965075508,nombre
nombre_Organizadores Wayra 774,1.3720426012247943e-06,0.00013720426012247942,nombre
nombre_Detergente Andesol 444,1.3582566791213394e-06,0.00013582566791213395,nombre
nombre_Aceite Ayni 361,1.34931112715404e-06,0.000134931112715404,nombre
nombre_Sábanas Wayra 669,1.3394005283908467e-06,0.00013394005283908468,nombre
nombre_Ropa de Verano Tambo 162,1.3211025348681404e-06,0.00013211025348681404,nombre
nombre_Crema Dental Pukara 769,1.3133851741894419e-06,0.0001313385174189442,nombre
nombre_Sillas de Oficina Illari 663,1.3105617841475627e-06,0.00013105617841475628,nombre
nombre_Energizantes Altura 760,1.3103830112363068e-06,0.00013103830112363068,nombre
nombre_Desinfectante Nativa 615,1.3014152061870266e-06,0.00013014152061870265,nombre
nombre_Detergente IntiMax 306,1.293682184508465e-06,0.00012936821845084648,nombre
nombre_Muñecos Ayni 864,1.2922794451609451e-06,0.0001292279445160945,nombre
nombre_Bloqueador Solar SolRetail 203,1.292170876199455e-06,0.0001292170876199455,nombre
nombre_Energizantes InkaHome 419,1.287148183851173e-06,0.00012871481838511728,nombre
nombre_Vajilla Qori 333,1.2699927015348194e-06,0.00012699927015348192,nombre
nombre_Microondas CostaSur 557,1.2650343255716378e-06,0.00012650343255716379,nombre
nombre_Zapatos Casuales Killa 538,1.2562757014692086e-06,0.00012562757014692087,nombre
nombre_Vestidos IntiMax 398,1.247857682306408e-06,0.0001247857682306408,nombre
nombre_Jugos Killa 812,1.247415079463107e-06,0.0001247415079463107,nombre
nombre_Fideos Altura 744,1.2464153805621907e-06,0.00012464153805621906,nombre
nombre_Sillas de Oficina Sumaq 463,1.242854188975206e-06,0.00012428541889752061,nombre
nombre_Arroz SolRetail 146,1.23376344856127e-06,0.000123376344856127,nombre
nombre_Aceite Ayni 814,1.2329635152864934e-06,0.00012329635152864935,nombre
nombre_Decoración Qori 859,1.2192623000387386e-06,0.00012192623000387385,nombre
nombre_Smartphones Qori 535,1.2177219825488836e-06,0.00012177219825488836,nombre
nombre_Botines SolRetail 051,1.2159507516793592e-06,0.00012159507516793593,nombre
nombre_Agua Andesol 914,1.2150910433615196e-06,0.00012150910433615196,nombre
nombre_Polos Andesol 680,1.175445671836284e-06,0.0001175445671836284,nombre
nombre_Crema Dental Ayni 926,1.1750189685995894e-06,0.00011750189685995894,nombre
nombre_Televisor Pacífico 696,1.1735496024792083e-06,0.00011735496024792083,nombre
nombre_Gaseosas Altura 514,1.1729079984440463e-06,0.00011729079984440463,nombre
nombre_Peluches SolRetail 156,1.1693539859769263e-06,0.00011693539859769263,nombre
nombre_Infusiones Sumaq 829,1.1549260253327616e-06,0.00011549260253327616,nombre
nombre_Desodorante IntiMax 604,1.1520540479898757e-06,0.00011520540479898758,nombre
nombre_Televisor Kawsay 645,1.1513214612045512e-06,0.00011513214612045511,nombre
nombre_Crema Dental IntiMax 753,1.1424000694303946e-06,0.00011424000694303946,nombre
nombre_Parrillas Ayni 845,1.1365087861562049e-06,0.00011365087861562048,nombre
nombre_Lavadora Ayni 114,1.1364617088033731e-06,0.00011364617088033731,nombre
nombre_Lapiceros NortePlus 430,1.1351125940116383e-06,0.00011351125940116383,nombre
nombre_Monitores Illari 424,1.1281906986078562e-06,0.00011281906986078562,nombre
nombre_Sábanas Qori 373,1.1262740887789283e-06,0.00011262740887789282,nombre
nombre_Tablets Illari 252,1.1230473964113184e-06,0.00011230473964113184,nombre
nombre_Jeans Illari 683,1.110491076446265e-06,0.0001110491076446265,nombre
nombre_Bloques Killa 326,1.1091661195640817e-06,0.00011091661195640818,nombre
nombre_Escritorios Pukara 172,1.095797240312858e-06,0.0001095797240312858,nombre
nombre_Impresoras Altura 247,1.0909565929783572e-06,0.00010909565929783572,nombre
nombre_Archivadores Wayra 303,1.0824217410331948e-06,0.00010824217410331947,nombre
nombre_Sábanas Tambo 136,1.0667361118351685e-06,0.00010667361118351684,nombre
nombre_Jugos SolRetail 967,1.0585337088737863e-06,0.00010585337088737862,nombre
nombre_Gaseosas Rumi 072,1.0571844002629309e-06,0.00010571844002629308,nombre
nombre_Lavavajilla InkaHome 948,1.0417359693088852e-06,0.00010417359693088853,nombre
nombre_Ropa de Verano Kawsay 624,1.0358356113874464e-06,0.00010358356113874464,nombre
nombre_Lapiceros Tambo 074,1.0340212408704057e-06,0.00010340212408704057,nombre
nombre_Vajilla Rumi 560,1.031175203070937e-06,0.0001031175203070937,nombre
nombre_Televisor Pukara 025,1.0301800129609204e-06,0.00010301800129609204,nombre
nombre_Escritorios SolRetail 813,1.0285255726771152e-06,0.00010285255726771152,nombre
nombre_Perfumería NortePlus 611,1.0185592756431776e-06,0.00010185592756431776,nombre
nombre_Menestras Andesol 866,1.0181453457306715e-06,0.00010181453457306715,nombre
nombre_Lejía NortePlus 175,1.0159052471003624e-06,0.00010159052471003624,nombre
nombre_Toallas IntiMax 327,1.0089133280110805e-06,0.00010089133280110805,nombre
nombre_Peluches Altura 480,1.0088539872346756e-06,0.00010088539872346757,nombre
nombre_Lavavajilla Misti 879,1.0031019991293863e-06,0.00010031019991293863,nombre
nombre_Gaseosas Rumi 303,1.0015215168897833e-06,0.00010015215168897833,nombre
nombre_Arroz Wayra 554,9.994765624324222e-07,9.994765624324223e-05,nombre
nombre_Smartphones Killa 488,9.763897145361135e-07,9.763897145361135e-05,nombre
nombre_Licuadora Pacífico 754,9.76338748551078e-07,9.76338748551078e-05,nombre
nombre_Camisas Misti 626,9.714583191036421e-07,9.714583191036421e-05,nombre
nombre_Menestras Illari 713,9.659331949878696e-07,9.659331949878697e-05,nombre
nombre_Cuadernos SolRetail 022,9.65787177081815e-07,9.65787177081815e-05,nombre
nombre_Jabón Andesol 166,9.602553940209667e-07,9.602553940209667e-05,nombre
nombre_Jeans Wayra 822,9.590531186872735e-07,9.590531186872735e-05,nombre
nombre_Jabón Illari 320,9.566431028404453e-07,9.566431028404454e-05,nombre
nombre_Escritorios Pacífico 761,9.565427324698797e-07,9.565427324698797e-05,nombre
nombre_Decoración Illari 903,9.545709154104313e-07,9.545709154104313e-05,nombre
nombre_Licuadora Pukara 431,9.514605054539411e-07,9.514605054539411e-05,nombre
nombre_Jabón Rumi 785,9.508816211366022e-07,9.508816211366022e-05,nombre
nombre_Organizadores Illari 065,9.458817349976873e-07,9.458817349976873e-05,nombre
nombre_Laptops InkaHome 223,9.42376941204753e-07,9.42376941204753e-05,nombre
nombre_Casacas Tambo 539,9.38227362056175e-07,9.38227362056175e-05,nombre
nombre_Energizantes Wayra 244,9.317120388851262e-07,9.317120388851262e-05,nombre
nombre_Botines Killa 560,9.208262592948427e-07,9.208262592948427e-05,nombre
nombre_Desinfectante SolRetail 809,9.134964075251078e-07,9.134964075251078e-05,nombre
nombre_Aceite Qori 973,9.129237381615263e-07,9.129237381615263e-05,nombre
nombre_Suavizante SolRetail 460,9.087428927043483e-07,9.087428927043483e-05,nombre
nombre_Decoración Sumaq 209,8.870600557057564e-07,8.870600557057564e-05,nombre
nombre_Ropa Deportiva Qori 409,8.816623427500982e-07,8.816623427500983e-05,nombre
nombre_Zapatos Casuales NortePlus 733,8.722970754148567e-07,8.722970754148567e-05,nombre
nombre_Jugos Killa 057,8.714090077705857e-07,8.714090077705857e-05,nombre
nombre_Infusiones Ayni 220,8.615233940051729e-07,8.615233940051729e-05,nombre
nombre_Botines IntiMax 666,8.535152483620358e-07,8.535152483620358e-05,nombre
nombre_Agua Kawsay 688,8.529993342634764e-07,8.529993342634765e-05,nombre
nombre_Vestidos Kawsay 642,8.382393627354585e-07,8.382393627354585e-05,nombre
nombre_Gaseosas Misti 787,8.321897111643708e-07,8.321897111643708e-05,nombre
nombre_Desinfectante Nativa 817,8.306604871676468e-07,8.306604871676468e-05,nombre
nombre_Juguetes Educativos Nativa 965,8.246200489929615e-07,8.246200489929615e-05,nombre
nombre_Fideos NortePlus 796,8.225614394505806e-07,8.225614394505806e-05,nombre
nombre_Shampoo Nativa 883,8.171089564506441e-07,8.171089564506441e-05,nombre
nombre_Zapatos Casuales Altura 201,8.12592371525296e-07,8.12592371525296e-05,nombre
nombre_Juegos de Mesa Andesol 025,8.117616396555136e-07,8.117616396555137e-05,nombre
nombre_Fideos Pacífico 006,8.102764317423758e-07,8.102764317423758e-05,nombre
nombre_Peluches InkaHome 283,8.061889195508254e-07,8.061889195508254e-05,nombre
nombre_Suavizante Nativa 815,8.025189546489009e-07,8.025189546489009e-05,nombre
nombre_Perfumería Pacífico 019,7.991107174210377e-07,7.991107174210377e-05,nombre
nombre_Monitores Andesol 044,7.961467948774876e-07,7.961467948774876e-05,nombre
nombre_Conservas Illari 890,7.95535878077167e-07,7.95535878077167e-05,nombre
nombre_Energizantes Kawsay 923,7.954199859678255e-07,7.954199859678255e-05,nombre
nombre_Shampoo Sumaq 352,7.937666667440482e-07,7.937666667440482e-05,nombre
nombre_Lavadora Andesol 335,7.895472084601646e-07,7.895472084601645e-05,nombre
nombre_Detergente SolRetail 838,7.869048227791118e-07,7.869048227791118e-05,nombre
nombre_Sábanas Altura 603,7.853506887128538e-07,7.853506887128538e-05,nombre
nombre_Organizadores Ayni 133,7.803601649492228e-07,7.803601649492229e-05,nombre
nombre_Toallas Misti 616,7.791215774927608e-07,7.791215774927608e-05,nombre
nombre_Ollas Nativa 831,7.710947454803374e-07,7.710947454803373e-05,nombre
nombre_Mochilas InkaHome 415,7.674847596909887e-07,7.674847596909887e-05,nombre
nombre_Lejía Illari 927,7.660874025413099e-07,7.660874025413098e-05,nombre
nombre_Desodorante Andesol 018,7.582108676979568e-07,7.582108676979567e-05,nombre
nombre_Ropa Deportiva Andesol 300,7.572207998851228e-07,7.572207998851228e-05,nombre
nombre_Organizadores SolRetail 126,7.555893964622788e-07,7.555893964622788e-05,nombre
nombre_Sandalias Sumaq 829,7.520630885417005e-07,7.520630885417006e-05,nombre
nombre_Camisas Killa 188,7.360112092362248e-07,7.360112092362248e-05,nombre
nombre_Agua Sumaq 212,7.338997817523118e-07,7.338997817523119e-05,nombre
nombre_Audífonos IntiMax 837,7.23176768991188e-07,7.231767689911881e-05,nombre
nombre_Crema Dental Andesol 608,7.168225367908368e-07,7.168225367908369e-05,nombre
nombre_Mochilas Altura 104,7.107652725705889e-07,7.107652725705889e-05,nombre
nombre_Desinfectante Sumaq 056,7.101609841376487e-07,7.101609841376488e-05,nombre
nombre_Desinfectante Misti 473,6.957331658704589e-07,6.957331658704589e-05,nombre
nombre_Arroz Tambo 846,6.920092343270541e-07,6.920092343270541e-05,nombre
nombre_Crema Dental Illari 018,6.916817664124407e-07,6.916817664124407e-05,nombre
nombre_Mouse Tambo 819,6.808346592023203e-07,6.808346592023203e-05,nombre
nombre_Aceite NortePlus 331,6.799467081037527e-07,6.799467081037528e-05,nombre
nombre_Harinas Altura 029,6.746174704574403e-07,6.746174704574403e-05,nombre
nombre_Calzado Deportivo InkaHome 459,6.728575937369601e-07,6.728575937369601e-05,nombre
nombre_Menestras CostaSur 827,6.722054152855398e-07,6.722054152855398e-05,nombre
nombre_Crema Dental Qori 982,6.626184868530843e-07,6.626184868530843e-05,nombre
nombre_Televisor IntiMax 516,6.529681318066105e-07,6.529681318066105e-05,nombre
nombre_Bloqueador Solar Illari 589,6.477799126034047e-07,6.477799126034047e-05,nombre
nombre_Aceite InkaHome 863,6.450426125083766e-07,6.450426125083766e-05,nombre
nombre_Detergente Kawsay 433,6.386684470260056e-07,6.386684470260057e-05,nombre
nombre_Crema Dental Sumaq 151,6.357637458368827e-07,6.357637458368828e-05,nombre
nombre_Laptops Rumi 111,6.349812470201583e-07,6.349812470201584e-05,nombre
nombre_Lejía Rumi 049,6.349706742056432e-07,6.349706742056432e-05,nombre
nombre_Televisor Ayni 477,6.32551001704534e-07,6.32551001704534e-05,nombre
nombre_Jugos Kawsay 579,6.31924672128085e-07,6.31924672128085e-05,nombre
nombre_Carros de Juguete Kawsay 515,6.290917206968508e-07,6.290917206968508e-05,nombre
nombre_Fideos SolRetail 977,6.205717732229275e-07,6.205717732229275e-05,nombre
nombre_Conservas Rumi 877,6.202972695558867e-07,6.202972695558867e-05,nombre
nombre_Energizantes SolRetail 548,6.171960504056252e-07,6.171960504056252e-05,nombre
nombre_Zapatos Casuales Nativa 271,6.133132125727157e-07,6.133132125727157e-05,nombre
nombre_Organizadores IntiMax 710,6.069678321751301e-07,6.0696783217513004e-05,nombre
nombre_Smartphones Illari 331,5.988895672659777e-07,5.988895672659777e-05,nombre
nombre_Conservas Altura 755,5.98377306054894e-07,5.98377306054894e-05,nombre
nombre_Agua Tambo 632,5.934969559448936e-07,5.934969559448936e-05,nombre
nombre_Laptops Misti 975,5.906482124135044e-07,5.906482124135044e-05,nombre
nombre_Sábanas Pukara 284,5.901776703723546e-07,5.901776703723546e-05,nombre
nombre_Sandalias Tambo 514,5.871169961093148e-07,5.871169961093148e-05,nombre
nombre_Tablets Qori 474,5.84799029229359e-07,5.84799029229359e-05,nombre
nombre_Smartphones Illari 344,5.785019738530141e-07,5.7850197385301405e-05,nombre
nombre_Sábanas Tambo 688,5.722553653709592e-07,5.722553653709592e-05,nombre
nombre_Conservas Wayra 547,5.700584164767473e-07,5.700584164767473e-05,nombre
nombre_Casacas SolRetail 319,5.699203498629178e-07,5.699203498629178e-05,nombre
nombre_Microondas CostaSur 040,5.695915946163086e-07,5.695915946163086e-05,nombre
nombre_Crema Dental Andesol 869,5.687253693772196e-07,5.6872536937721966e-05,nombre
nombre_Escritorios Sumaq 595,5.624165425638863e-07,5.6241654256388635e-05,nombre
nombre_Jugos Andesol 543,5.619651724759832e-07,5.6196517247598325e-05,nombre
nombre_Escritorios Illari 043,5.55617073063717e-07,5.55617073063717e-05,nombre
nombre_Zapatos Casuales CostaSur 483,5.447093641161694e-07,5.447093641161695e-05,nombre
nombre_Ollas InkaHome 405,5.432262335184726e-07,5.432262335184726e-05,nombre
nombre_Arroz Illari 241,5.410993312447746e-07,5.410993312447746e-05,nombre
nombre_Infusiones Misti 695,5.40749387142533e-07,5.407493871425329e-05,nombre
nombre_Útiles Escolares Nativa 170,5.406571638776096e-07,5.406571638776096e-05,nombre
nombre_Polos Sumaq 371,5.373947644527945e-07,5.373947644527945e-05,nombre
nombre_Fideos Rumi 485,5.369804949762672e-07,5.3698049497626714e-05,nombre
nombre_Vajilla Killa 553,5.345819460912323e-07,5.345819460912323e-05,nombre
nombre_Juguetes Educativos Killa 246,5.341135220675155e-07,5.341135220675155e-05,nombre
nombre_Sillas de Oficina Altura 614,5.294617822320412e-07,5.294617822320412e-05,nombre
nombre_Sillas de Oficina Kawsay 133,5.28448794598209e-07,5.2844879459820904e-05,nombre
nombre_Smartphones Qori 470,5.20798100007473e-07,5.20798100007473e-05,nombre
nombre_Laptops Rumi 488,5.202765691583647e-07,5.2027656915836474e-05,nombre
nombre_Agua Rumi 269,5.150438369703792e-07,5.150438369703792e-05,nombre
nombre_Ollas NortePlus 152,5.134615271368792e-07,5.134615271368792e-05,nombre
nombre_Jabón Wayra 088,5.087256470441529e-07,5.087256470441529e-05,nombre
nombre_Lavadora Rumi 276,5.086009459431209e-07,5.086009459431209e-05,nombre
nombre_Harinas Nativa 363,5.068569012039454e-07,5.068569012039454e-05,nombre
nombre_Shampoo Pukara 418,5.057544615580054e-07,5.057544615580054e-05,nombre
nombre_Organizadores CostaSur 665,5.039203202491948e-07,5.039203202491948e-05,nombre
nombre_Shampoo Misti 502,5.012694048486099e-07,5.0126940484860984e-05,nombre
nombre_Harinas Nativa 602,5.009011580295597e-07,5.0090115802955966e-05,nombre
nombre_Juegos de Mesa Wayra 619,5.001619932605933e-07,5.0016199326059324e-05,nombre
nombre_Desinfectante Andesol 819,5.000371376037459e-07,5.000371376037459e-05,nombre
nombre_Monitores Sumaq 212,4.957445102682203e-07,4.957445102682203e-05,nombre
nombre_Ropa Deportiva Killa 070,4.953126920865608e-07,4.953126920865608e-05,nombre
nombre_Arroz Tambo 212,4.891306326848184e-07,4.8913063268481834e-05,nombre
nombre_Organizadores Sumaq 575,4.884463468032289e-07,4.884463468032289e-05,nombre
nombre_Laptops Sumaq 624,4.846866804252509e-07,4.846866804252509e-05,nombre
nombre_Licuadora InkaHome 856,4.829729506753385e-07,4.829729506753385e-05,nombre
nombre_Jeans Altura 414,4.817917162371434e-07,4.817917162371434e-05,nombre
nombre_Energizantes NortePlus 294,4.791440342615527e-07,4.791440342615527e-05,nombre
nombre_Organizadores CostaSur 002,4.758413393210979e-07,4.758413393210979e-05,nombre
nombre_Polos Misti 592,4.7554521466580146e-07,4.755452146658015e-05,nombre
nombre_Juegos de Mesa Nativa 272,4.719756418299609e-07,4.7197564182996086e-05,nombre
nombre_Conservas Qori 281,4.6159226187738255e-07,4.6159226187738254e-05,nombre
nombre_Desodorante Andesol 555,4.595617809763358e-07,4.5956178097633577e-05,nombre
nombre_Toallas Nativa 472,4.5788616613046583e-07,4.578861661304658e-05,nombre
nombre_Zapatillas Illari 996,4.5519208285405254e-07,4.5519208285405256e-05,nombre
nombre_Perfumería Pukara 480,4.5167737465106614e-07,4.516773746510662e-05,nombre
nombre_Camisas Illari 558,4.5102636467352484e-07,4.5102636467352484e-05,nombre
nombre_Lavavajilla Tambo 841,4.507628896647742e-07,4.507628896647742e-05,nombre
nombre_Energizantes Qori 446,4.4984911346382114e-07,4.4984911346382117e-05,nombre
nombre_Tablets Andesol 183,4.4970944300268214e-07,4.497094430026821e-05,nombre
nombre_Perfumería Pukara 861,4.4579713594929557e-07,4.457971359492956e-05,nombre
nombre_Desinfectante Tambo 706,4.434765004342437e-07,4.434765004342437e-05,nombre
nombre_Sandalias Killa 252,4.427027412949131e-07,4.427027412949131e-05,nombre
nombre_Vestidos IntiMax 853,4.42477034659246e-07,4.42477034659246e-05,nombre
nombre_Bloques InkaHome 076,4.3798094525791475e-07,4.3798094525791474e-05,nombre
nombre_Archivadores Sumaq 165,4.3299022298913387e-07,4.329902229891339e-05,nombre
nombre_Harinas Rumi 232,4.3032705807889147e-07,4.303270580788915e-05,nombre
nombre_Freidora de Aire Ayni 848,4.2587273176290717e-07,4.2587273176290715e-05,nombre
nombre_Organizadores SolRetail 730,4.226173728330896e-07,4.226173728330896e-05,nombre
nombre_Shampoo Killa 634,4.221295120800432e-07,4.221295120800432e-05,nombre
nombre_Parrillas InkaHome 395,4.148793188485694e-07,4.148793188485694e-05,nombre
nombre_Parrillas Andesol 845,4.121960093398137e-07,4.121960093398137e-05,nombre
nombre_Carros de Juguete Illari 494,4.121717542977487e-07,4.121717542977487e-05,nombre
nombre_Shampoo Illari 984,4.098160975864446e-07,4.098160975864446e-05,nombre
nombre_Bloqueador Solar Misti 157,4.0916886315653604e-07,4.091688631565361e-05,nombre
nombre_Menestras Wayra 415,4.0171944523291736e-07,4.017194452329174e-05,nombre
nombre_Smartphones Illari 387,4.0164842091493935e-07,4.016484209149394e-05,nombre
nombre_Teclados SolRetail 153,3.986841421462222e-07,3.986841421462222e-05,nombre
nombre_Organizadores Kawsay 431,3.970141490798472e-07,3.970141490798472e-05,nombre
nombre_Casacas Kawsay 824,3.967039379935709e-07,3.967039379935709e-05,nombre
nombre_Sillas de Oficina InkaHome 098,3.949804181628806e-07,3.949804181628806e-05,nombre
nombre_Mouse Nativa 108,3.941146647951714e-07,3.941146647951714e-05,nombre
nombre_Shampoo Sumaq 433,3.9180901640740447e-07,3.9180901640740444e-05,nombre
nombre_Energizantes Misti 100,3.912644471830072e-07,3.9126444718300716e-05,nombre
nombre_Monitores Andesol 284,3.8862187515631783e-07,3.886218751563178e-05,nombre
nombre_Menestras Killa 424,3.841889291574288e-07,3.841889291574288e-05,nombre
nombre_Lavadora Pukara 093,3.816509511380495e-07,3.816509511380495e-05,nombre
nombre_Zapatillas InkaHome 766,3.7656180042197423e-07,3.7656180042197425e-05,nombre
nombre_Conservas IntiMax 278,3.743444562822027e-07,3.743444562822027e-05,nombre
nombre_Lejía Andesol 804,3.700282128036963e-07,3.7002821280369635e-05,nombre
nombre_Harinas Rumi 118,3.6947791405376753e-07,3.6947791405376756e-05,nombre
nombre_Tablets Illari 806,3.682753187946282e-07,3.682753187946282e-05,nombre
nombre_Toallas IntiMax 410,3.681922432992902e-07,3.681922432992902e-05,nombre
nombre_Lavadora IntiMax 651,3.681032322937264e-07,3.681032322937264e-05,nombre
nombre_Monitores SolRetail 628,3.67187262594066e-07,3.67187262594066e-05,nombre
nombre_Organizadores Andesol 598,3.664372804357907e-07,3.664372804357907e-05,nombre
nombre_Organizadores Wayra 334,3.627074283683365e-07,3.627074283683365e-05,nombre
nombre_Mochilas Pukara 838,3.6236998140236e-07,3.6236998140236e-05,nombre
nombre_Archivadores Killa 369,3.6219538621470453e-07,3.621953862147045e-05,nombre
nombre_Laptops Qori 218,3.6021461940858095e-07,3.6021461940858096e-05,nombre
nombre_Energizantes Nativa 747,3.602119551338428e-07,3.6021195513384284e-05,nombre
nombre_Teclados Killa 865,3.5974733644678214e-07,3.5974733644678216e-05,nombre
nombre_Desodorante Misti 318,3.5957704230175206e-07,3.595770423017521e-05,nombre
nombre_Arroz Ayni 842,3.560764683108454e-07,3.5607646831084544e-05,nombre
nombre_Gaseosas Andesol 722,3.539818375724935e-07,3.5398183757249355e-05,nombre
nombre_Ropa Deportiva Tambo 670,3.512548813745934e-07,3.512548813745934e-05,nombre
nombre_Suavizante Ayni 639,3.48456112490918e-07,3.4845611249091804e-05,nombre
nombre_Calzado Deportivo Sumaq 284,3.47802864332358e-07,3.4780286433235795e-05,nombre
nombre_Plancha Andesol 295,3.476047169856684e-07,3.4760471698566836e-05,nombre
nombre_Shampoo Pukara 253,3.47482853831679e-07,3.47482853831679e-05,nombre
nombre_Ollas InkaHome 479,3.4742633620056314e-07,3.474263362005631e-05,nombre
nombre_Conservas CostaSur 461,3.473107914280714e-07,3.473107914280714e-05,nombre
nombre_Teclados Ayni 291,3.468844771141735e-07,3.468844771141735e-05,nombre
nombre_Lavavajilla Misti 228,3.4649664250008564e-07,3.464966425000857e-05,nombre
nombre_Casacas Andesol 412,3.4535132127221705e-07,3.453513212722171e-05,nombre
nombre_Sábanas Wayra 323,3.43563040077887e-07,3.4356304007788704e-05,nombre
nombre_Jeans Kawsay 881,3.4353654639539734e-07,3.4353654639539735e-05,nombre
nombre_Impresoras Nativa 198,3.4268357746853474e-07,3.4268357746853474e-05,nombre
nombre_Arroz Nativa 838,3.4263060664695955e-07,3.426306066469596e-05,nombre
nombre_Cuadernos SolRetail 011,3.410720979627185e-07,3.410720979627185e-05,nombre
nombre_Jugos Killa 330,3.3941847219159697e-07,3.3941847219159695e-05,nombre
nombre_Botines Tambo 531,3.390126790932958e-07,3.390126790932958e-05,nombre
nombre_Crema Dental NortePlus 111,3.387778866847866e-07,3.387778866847866e-05,nombre
nombre_Fideos Illari 497,3.3557684224519044e-07,3.355768422451904e-05,nombre
nombre_Conservas Qori 589,3.3459242757428023e-07,3.345924275742802e-05,nombre
nombre_Suavizante Nativa 953,3.3350086517878e-07,3.3350086517877997e-05,nombre
nombre_Fideos CostaSur 978,3.3102414962746165e-07,3.310241496274617e-05,nombre
nombre_Agua Altura 852,3.2762827200115594e-07,3.27628272001156e-05,nombre
nombre_Accesorios Nativa 118,3.273908156723162e-07,3.273908156723162e-05,nombre
nombre_Suavizante Andesol 557,3.27079401093584e-07,3.27079401093584e-05,nombre
nombre_Laptops Rumi 782,3.264566391634614e-07,3.264566391634614e-05,nombre
nombre_Fideos SolRetail 475,3.2559223401298e-07,3.2559223401298e-05,nombre
nombre_Conservas Killa 135,3.2518994302615555e-07,3.251899430261555e-05,nombre
nombre_Jeans Rumi 331,3.230735091805306e-07,3.230735091805306e-05,nombre
nombre_Cuadernos Andesol 009,3.1949918418849027e-07,3.1949918418849024e-05,nombre
nombre_Botines Rumi 363,3.1879799201955385e-07,3.1879799201955385e-05,nombre
nombre_Desinfectante Altura 264,3.1781097218616857e-07,3.178109721861686e-05,nombre
nombre_Sandalias IntiMax 800,3.16422810856051e-07,3.16422810856051e-05,nombre
nombre_Toallas Sumaq 007,3.151906654665581e-07,3.1519066546655814e-05,nombre
nombre_Infusiones Ayni 168,3.1470227435665484e-07,3.1470227435665484e-05,nombre
nombre_Energizantes InkaHome 059,3.1407811149790025e-07,3.140781114979002e-05,nombre
nombre_Ropa de Verano Sumaq 761,3.1354088862041916e-07,3.1354088862041916e-05,nombre
nombre_Detergente Rumi 866,3.116334429932675e-07,3.116334429932675e-05,nombre
nombre_Crema Dental Killa 716,3.107885292337591e-07,3.1078852923375905e-05,nombre
nombre_Aceite Nativa 964,3.0939283457733274e-07,3.0939283457733275e-05,nombre
nombre_Lejía Qori 792,3.0864084360740826e-07,3.086408436074083e-05,nombre
nombre_Jugos Kawsay 571,3.0668278645645434e-07,3.0668278645645435e-05,nombre
nombre_Sandalias Tambo 342,3.0454698001107015e-07,3.0454698001107014e-05,nombre
nombre_Smartphones Wayra 992,3.042792561916686e-07,3.042792561916686e-05,nombre
nombre_Aceite Altura 560,3.008717626196633e-07,3.008717626196633e-05,nombre
nombre_Lapiceros SolRetail 101,2.988350071294613e-07,2.988350071294613e-05,nombre
nombre_Perfumería Wayra 203,2.9844832214128777e-07,2.9844832214128777e-05,nombre
nombre_Audífonos Tambo 745,2.983778374405667e-07,2.983778374405667e-05,nombre
nombre_Audífonos Wayra 547,2.9514681253040475e-07,2.9514681253040473e-05,nombre
nombre_Jeans Wayra 518,2.9508886145676646e-07,2.9508886145676646e-05,nombre
nombre_Sillas de Oficina Killa 641,2.9331534756489124e-07,2.9331534756489125e-05,nombre
nombre_Lavavajilla NortePlus 048,2.9300594918913073e-07,2.9300594918913073e-05,nombre
nombre_Gaseosas Kawsay 352,2.8700981683753696e-07,2.8700981683753696e-05,nombre
nombre_Smartphones Rumi 780,2.8597741011260673e-07,2.8597741011260674e-05,nombre
nombre_Agua Wayra 372,2.837604190974773e-07,2.8376041909747734e-05,nombre
nombre_Desodorante Rumi 664,2.832409514628957e-07,2.832409514628957e-05,nombre
nombre_Monitores Illari 030,2.824474164568637e-07,2.824474164568637e-05,nombre
nombre_Licuadora Pacífico 668,2.811841940083454e-07,2.811841940083454e-05,nombre
nombre_Aceite Sumaq 299,2.7713611583810606e-07,2.7713611583810607e-05,nombre
nombre_Harinas Rumi 378,2.7395619280580473e-07,2.7395619280580475e-05,nombre
nombre_Infusiones Rumi 481,2.7261084328985837e-07,2.7261084328985837e-05,nombre
nombre_Televisor Nativa 486,2.7242929126627543e-07,2.7242929126627542e-05,nombre
nombre_Agua Tambo 795,2.7234381118045033e-07,2.723438111804503e-05,nombre
nombre_Vajilla Tambo 485,2.716540996643017e-07,2.716540996643017e-05,nombre
nombre_Sandalias IntiMax 052,2.680115731187142e-07,2.680115731187142e-05,nombre
nombre_Suavizante Pacífico 362,2.675586928072294e-07,2.675586928072294e-05,nombre
nombre_Zapatos Casuales NortePlus 846,2.673974640367253e-07,2.673974640367253e-05,nombre
nombre_Energizantes Qori 487,2.6507004779560967e-07,2.6507004779560966e-05,nombre
nombre_Perfumería Tambo 551,2.6357221169441344e-07,2.6357221169441345e-05,nombre
nombre_Agua Killa 978,2.607132322554422e-07,2.6071323225544218e-05,nombre
nombre_Archivadores Ayni 314,2.5777084584311823e-07,2.577708458431182e-05,nombre
nombre_Fideos SolRetail 042,2.5768758767232616e-07,2.5768758767232616e-05,nombre
nombre_Arroz Misti 430,2.572330065700168e-07,2.572330065700168e-05,nombre
nombre_Monitores Andesol 685,2.5667900429671255e-07,2.5667900429671254e-05,nombre
nombre_Sandalias Qori 447,2.5630315630880635e-07,2.5630315630880634e-05,nombre
nombre_Peluches CostaSur 835,2.5473409865007793e-07,2.5473409865007793e-05,nombre
nombre_Arroz Kawsay 387,2.539199275376687e-07,2.539199275376687e-05,nombre
nombre_Camisas Wayra 573,2.538763454749407e-07,2.538763454749407e-05,nombre
nombre_Suavizante Nativa 753,2.517386486447813e-07,2.517386486447813e-05,nombre
nombre_Mouse Killa 186,2.5066135330672983e-07,2.5066135330672982e-05,nombre
nombre_Bloqueador Solar Ayni 813,2.505559931576707e-07,2.505559931576707e-05,nombre
nombre_Menestras Illari 805,2.5051255163275434e-07,2.5051255163275435e-05,nombre
nombre_Suavizante Wayra 110,2.504787310653658e-07,2.504787310653658e-05,nombre
nombre_Teclados Nativa 842,2.5027984869216083e-07,2.5027984869216084e-05,nombre
nombre_Licuadora InkaHome 209,2.494502283577702e-07,2.4945022835777017e-05,nombre
nombre_Audífonos NortePlus 601,2.494087223492425e-07,2.4940872234924253e-05,nombre
nombre_Aceite Tambo 697,2.488228424470251e-07,2.488228424470251e-05,nombre
nombre_Microondas Sumaq 733,2.485738580643238e-07,2.485738580643238e-05,nombre
nombre_Harinas Pukara 406,2.485455943879906e-07,2.4854559438799057e-05,nombre
nombre_Vestidos SolRetail 967,2.4834578991340295e-07,2.4834578991340295e-05,nombre
nombre_Muñecos Illari 260,2.470455030707403e-07,2.470455030707403e-05,nombre
nombre_Microondas Altura 958,2.462441764375268e-07,2.4624417643752678e-05,nombre
nombre_Bloqueador Solar Killa 643,2.423299211365573e-07,2.423299211365573e-05,nombre
nombre_Suavizante Misti 152,2.4118069539380184e-07,2.4118069539380183e-05,nombre
nombre_Jabón Illari 657,2.4041863026606616e-07,2.4041863026606616e-05,nombre
nombre_Botines Kawsay 348,2.4011751066524054e-07,2.4011751066524055e-05,nombre
nombre_Bloqueador Solar Misti 013,2.387644841805795e-07,2.387644841805795e-05,nombre
nombre_Monitores Qori 453,2.3861281732322994e-07,2.3861281732322995e-05,nombre
nombre_Zapatos Casuales Ayni 527,2.3834092372419474e-07,2.3834092372419473e-05,nombre
nombre_Zapatos Casuales SolRetail 585,2.3827236620962732e-07,2.3827236620962733e-05,nombre
nombre_Perfumería Tambo 640,2.3803824745998124e-07,2.3803824745998125e-05,nombre
nombre_Suavizante IntiMax 552,2.3392827151700234e-07,2.3392827151700234e-05,nombre
nombre_Jabón SolRetail 531,2.3363541498234398e-07,2.3363541498234398e-05,nombre
nombre_Archivadores Tambo 508,2.3158562762412412e-07,2.3158562762412413e-05,nombre
nombre_Sábanas Sumaq 680,2.3090419057924956e-07,2.3090419057924955e-05,nombre
nombre_Suavizante Pacífico 955,2.3087528325715415e-07,2.3087528325715416e-05,nombre
nombre_Laptops Pacífico 143,2.2878354091958753e-07,2.2878354091958754e-05,nombre
nombre_Jugos Sumaq 861,2.2867999565869135e-07,2.2867999565869135e-05,nombre
nombre_Zapatos Casuales Nativa 188,2.2764702889239177e-07,2.2764702889239177e-05,nombre
nombre_Ropa Deportiva Tambo 272,2.2699559032735324e-07,2.2699559032735326e-05,nombre
nombre_Energizantes Illari 274,2.253953955649751e-07,2.253953955649751e-05,nombre
nombre_Infusiones Ayni 276,2.242688407876166e-07,2.242688407876166e-05,nombre
nombre_Lejía Rumi 830,2.2346534585149327e-07,2.2346534585149327e-05,nombre
nombre_Parrillas Altura 821,2.2269587818244934e-07,2.2269587818244936e-05,nombre
nombre_Camisas Tambo 709,2.2246101386265715e-07,2.2246101386265716e-05,nombre
nombre_Gaseosas Illari 920,2.218087843545364e-07,2.218087843545364e-05,nombre
nombre_Smartphones IntiMax 222,2.200843893191076e-07,2.200843893191076e-05,nombre
nombre_Desodorante IntiMax 183,2.183061897200618e-07,2.183061897200618e-05,nombre
nombre_Útiles Escolares Sumaq 341,2.148427931632852e-07,2.148427931632852e-05,nombre
nombre_Lejía InkaHome 714,2.1468166643755233e-07,2.1468166643755234e-05,nombre
nombre_Gaseosas Tambo 736,2.1360064740416643e-07,2.1360064740416643e-05,nombre
nombre_Refrigeradora Misti 725,2.1123881219945806e-07,2.1123881219945807e-05,nombre
nombre_Calzado Deportivo Altura 085,2.106384334079177e-07,2.106384334079177e-05,nombre
nombre_Freidora de Aire IntiMax 775,2.1042059402323815e-07,2.1042059402323815e-05,nombre
nombre_Desinfectante NortePlus 423,2.0846136407215318e-07,2.0846136407215316e-05,nombre
nombre_Polos Rumi 427,2.075664635514642e-07,2.075664635514642e-05,nombre
nombre_Perfumería InkaHome 354,2.0753399615674313e-07,2.075339961567431e-05,nombre
nombre_Muñecos Rumi 972,2.0697272038706597e-07,2.0697272038706596e-05,nombre
nombre_Suavizante Andesol 884,2.064623295127261e-07,2.064623295127261e-05,nombre
nombre_Bloques Misti 948,2.0644703953426252e-07,2.0644703953426253e-05,nombre
nombre_Fideos SolRetail 771,2.056352037399829e-07,2.0563520373998293e-05,nombre
nombre_Lejía Qori 096,2.047678812340841e-07,2.0476788123408412e-05,nombre
nombre_Harinas Qori 398,2.0280239525160833e-07,2.0280239525160833e-05,nombre
nombre_Zapatos Casuales Sumaq 581,2.0258944265953612e-07,2.025894426595361e-05,nombre
nombre_Freidora de Aire Rumi 794,2.024089454751569e-07,2.0240894547515692e-05,nombre
nombre_Shampoo Misti 153,2.0114175412822729e-07,2.011417541282273e-05,nombre
nombre_Juegos de Mesa SolRetail 177,1.9964334472135696e-07,1.9964334472135695e-05,nombre
nombre_Crema Dental NortePlus 635,1.9837571655901864e-07,1.9837571655901865e-05,nombre
nombre_Lejía Illari 613,1.9747217070426662e-07,1.9747217070426662e-05,nombre
nombre_Laptops IntiMax 779,1.954053679977432e-07,1.9540536799774318e-05,nombre
nombre_Freidora de Aire Killa 220,1.931949553937856e-07,1.931949553937856e-05,nombre
nombre_Microondas Illari 331,1.9305944986144942e-07,1.930594498614494e-05,nombre
nombre_Energizantes CostaSur 785,1.9229392951315818e-07,1.922939295131582e-05,nombre
nombre_Teclados InkaHome 116,1.9200692273378603e-07,1.9200692273378602e-05,nombre
nombre_Suavizante NortePlus 515,1.8834811141612708e-07,1.883481114161271e-05,nombre
nombre_Harinas Illari 841,1.8807432249198074e-07,1.8807432249198075e-05,nombre
nombre_Agua Illari 103,1.8539830076684702e-07,1.8539830076684702e-05,nombre
nombre_Camisas Ayni 049,1.8452339696978104e-07,1.8452339696978106e-05,nombre
nombre_Teclados Sumaq 568,1.8426219538893106e-07,1.8426219538893107e-05,nombre
nombre_Botines Killa 761,1.842233152007335e-07,1.842233152007335e-05,nombre
nombre_Infusiones Andesol 743,1.8281641270354596e-07,1.8281641270354597e-05,nombre
nombre_Conservas InkaHome 836,1.8166552435548602e-07,1.8166552435548602e-05,nombre
nombre_Sillas de Oficina NortePlus 965,1.8109309587382957e-07,1.8109309587382957e-05,nombre
nombre_Sábanas Qori 902,1.8096151541147245e-07,1.8096151541147246e-05,nombre
nombre_Impresoras Killa 148,1.7756398190765808e-07,1.775639819076581e-05,nombre
nombre_Perfumería CostaSur 004,1.7716376546526763e-07,1.7716376546526762e-05,nombre
nombre_Jugos InkaHome 700,1.7672770472532371e-07,1.7672770472532372e-05,nombre
nombre_Mouse Wayra 708,1.7633979839123352e-07,1.763397983912335e-05,nombre
nombre_Botines Pacífico 041,1.7551320158149127e-07,1.7551320158149126e-05,nombre
nombre_Jabón CostaSur 299,1.7455310591001255e-07,1.7455310591001253e-05,nombre
nombre_Laptops IntiMax 747,1.7447814500042977e-07,1.7447814500042977e-05,nombre
nombre_Sillas de Oficina Sumaq 726,1.7423838314342215e-07,1.7423838314342216e-05,nombre
nombre_Lejía Misti 623,1.7278781770199864e-07,1.7278781770199865e-05,nombre
nombre_Harinas Pukara 940,1.7164645397750355e-07,1.7164645397750356e-05,nombre
nombre_Conservas IntiMax 778,1.7119770777471528e-07,1.7119770777471528e-05,nombre
nombre_Arroz Pacífico 836,1.703881497502817e-07,1.7038814975028172e-05,nombre
nombre_Tablets Kawsay 521,1.6890557721600136e-07,1.6890557721600137e-05,nombre
nombre_Aceite Qori 177,1.6888725191555477e-07,1.6888725191555476e-05,nombre
nombre_Camisas Wayra 695,1.6705641507674956e-07,1.6705641507674957e-05,nombre
nombre_Tablets Misti 111,1.6689022355202815e-07,1.6689022355202815e-05,nombre
nombre_Cuadernos Nativa 033,1.6677951775909593e-07,1.6677951775909594e-05,nombre
nombre_Toallas Altura 188,1.6496683679592018e-07,1.6496683679592017e-05,nombre
nombre_Fideos Pukara 383,1.6294099635299033e-07,1.629409963529903e-05,nombre
nombre_Microondas CostaSur 054,1.6191120485139972e-07,1.6191120485139973e-05,nombre
nombre_Sábanas Pacífico 499,1.6115340736550854e-07,1.6115340736550853e-05,nombre
nombre_Cuadernos Andesol 051,1.6112751628080633e-07,1.611275162808063e-05,nombre
nombre_Audífonos IntiMax 244,1.6064895512276082e-07,1.6064895512276083e-05,nombre
nombre_Bloqueador Solar NortePlus 768,1.589743457423912e-07,1.589743457423912e-05,nombre
nombre_Juegos de Mesa Qori 316,1.584509768933714e-07,1.584509768933714e-05,nombre
nombre_Jugos Wayra 452,1.5795713385389147e-07,1.5795713385389146e-05,nombre
nombre_Camisas Rumi 942,1.5703534130795092e-07,1.5703534130795093e-05,nombre
nombre_Refrigeradora Ayni 645,1.557579471966868e-07,1.557579471966868e-05,nombre
nombre_Refrigeradora SolRetail 939,1.5562171147619213e-07,1.5562171147619214e-05,nombre
nombre_Impresoras Pacífico 708,1.5518836229624037e-07,1.5518836229624035e-05,nombre
nombre_Arroz NortePlus 669,1.5468122170541498e-07,1.5468122170541497e-05,nombre
nombre_Organizadores Tambo 659,1.5212713631205532e-07,1.5212713631205532e-05,nombre
nombre_Desodorante Nativa 426,1.5167309345211284e-07,1.5167309345211284e-05,nombre
nombre_Lavadora InkaHome 056,1.513538479529509e-07,1.513538479529509e-05,nombre
nombre_Monitores InkaHome 436,1.5108251296747008e-07,1.5108251296747009e-05,nombre
nombre_Lapiceros InkaHome 903,1.5099018236409876e-07,1.5099018236409875e-05,nombre
nombre_Detergente IntiMax 830,1.5058630618146134e-07,1.5058630618146134e-05,nombre
nombre_Desodorante Tambo 150,1.4967703764994143e-07,1.4967703764994143e-05,nombre
nombre_Licuadora Ayni 487,1.4829155068849342e-07,1.4829155068849342e-05,nombre
nombre_Botines InkaHome 788,1.4765872295578614e-07,1.4765872295578614e-05,nombre
nombre_Infusiones Nativa 432,1.4707558855310622e-07,1.4707558855310622e-05,nombre
nombre_Jugos Tambo 637,1.458547202146279e-07,1.458547202146279e-05,nombre
nombre_Menestras Pacífico 832,1.4531055350962528e-07,1.4531055350962527e-05,nombre
nombre_Zapatos Casuales Ayni 361,1.452421035402073e-07,1.452421035402073e-05,nombre
nombre_Monitores Qori 102,1.4520182953381797e-07,1.4520182953381797e-05,nombre
nombre_Teclados Pukara 736,1.44873195974171e-07,1.44873195974171e-05,nombre
nombre_Plancha Pacífico 288,1.4251228536680063e-07,1.4251228536680063e-05,nombre
nombre_Impresoras Ayni 564,1.4033585644344213e-07,1.4033585644344214e-05,nombre
nombre_Plancha CostaSur 077,1.39910940850645e-07,1.39910940850645e-05,nombre
nombre_Teclados SolRetail 182,1.3885729977853166e-07,1.3885729977853165e-05,nombre
nombre_Vestidos Killa 929,1.366028605341603e-07,1.366028605341603e-05,nombre
nombre_Licuadora Sumaq 960,1.3273831959822877e-07,1.3273831959822877e-05,nombre
nombre_Botines Illari 795,1.3207883076212485e-07,1.3207883076212485e-05,nombre
nombre_Impresoras Pacífico 717,1.3061537356023816e-07,1.3061537356023816e-05,nombre
nombre_Zapatos Casuales Qori 337,1.3016207359872135e-07,1.3016207359872134e-05,nombre
nombre_Bloques Andesol 416,1.2964067599656216e-07,1.2964067599656216e-05,nombre
nombre_Lavavajilla Andesol 038,1.2914918793043997e-07,1.2914918793043997e-05,nombre
nombre_Perfumería Tambo 345,1.2907976236254513e-07,1.2907976236254513e-05,nombre
nombre_Licuadora Pukara 445,1.290061392835629e-07,1.290061392835629e-05,nombre
nombre_Casacas Sumaq 373,1.2878324155018996e-07,1.2878324155018995e-05,nombre
nombre_Organizadores Pacífico 524,1.2810609401215653e-07,1.2810609401215653e-05,nombre
nombre_Fideos Pukara 652,1.2640488602177244e-07,1.2640488602177243e-05,nombre
nombre_Accesorios Ayni 622,1.262910909042416e-07,1.2629109090424159e-05,nombre
nombre_Sábanas IntiMax 608,1.2589395405841665e-07,1.2589395405841666e-05,nombre
nombre_Freidora de Aire Illari 528,1.2575317065980276e-07,1.2575317065980276e-05,nombre
nombre_Refrigeradora Ayni 137,1.2413838418688865e-07,1.2413838418688866e-05,nombre
nombre_Vajilla Kawsay 500,1.2351273198551088e-07,1.2351273198551088e-05,nombre
nombre_Bloques Altura 681,1.228468739566422e-07,1.228468739566422e-05,nombre
nombre_Vajilla Wayra 115,1.2042998730748117e-07,1.2042998730748116e-05,nombre
nombre_Jeans Pukara 091,1.200174948945077e-07,1.2001749489450768e-05,nombre
nombre_Microondas Tambo 334,1.2000150508596897e-07,1.2000150508596897e-05,nombre
nombre_Plancha Wayra 431,1.1924090241338516e-07,1.1924090241338515e-05,nombre
nombre_Camisas Misti 279,1.1820661260426347e-07,1.1820661260426348e-05,nombre
nombre_Cuadernos CostaSur 210,1.1781099297493473e-07,1.1781099297493474e-05,nombre
nombre_Smartphones Ayni 189,1.1738087742922904e-07,1.1738087742922904e-05,nombre
nombre_Suavizante Qori 298,1.1596950308423687e-07,1.1596950308423687e-05,nombre
nombre_Sábanas IntiMax 456,1.1337824338362695e-07,1.1337824338362694e-05,nombre
nombre_Mochilas Andesol 780,1.1297886964863355e-07,1.1297886964863356e-05,nombre
nombre_Zapatos Casuales Kawsay 387,1.123674582544181e-07,1.123674582544181e-05,nombre
nombre_Menestras Altura 646,1.12174613033948e-07,1.12174613033948e-05,nombre
nombre_Vajilla Sumaq 982,1.1210958661379035e-07,1.1210958661379036e-05,nombre
nombre_Ropa Deportiva NortePlus 555,1.1041207505637472e-07,1.1041207505637473e-05,nombre
nombre_Licuadora Altura 752,1.0984224439762318e-07,1.0984224439762318e-05,nombre
nombre_Cuadernos Ayni 524,1.0849943866098254e-07,1.0849943866098255e-05,nombre
nombre_Ollas Qori 612,1.0844799075809096e-07,1.0844799075809097e-05,nombre
nombre_Fideos Altura 457,1.072425348428985e-07,1.072425348428985e-05,nombre
nombre_Casacas Pukara 073,1.0627144687203104e-07,1.0627144687203104e-05,nombre
nombre_Impresoras Ayni 440,1.0538739528551468e-07,1.0538739528551467e-05,nombre
nombre_Licuadora Rumi 909,1.0512506945358794e-07,1.0512506945358795e-05,nombre
nombre_Infusiones Killa 114,1.0479689638386664e-07,1.0479689638386664e-05,nombre
nombre_Cuadernos Tambo 454,1.0369393963822784e-07,1.0369393963822784e-05,nombre
nombre_Monitores Andesol 349,1.0367812694495241e-07,1.0367812694495241e-05,nombre
nombre_Infusiones IntiMax 176,1.0358584005817695e-07,1.0358584005817696e-05,nombre
nombre_Cuadernos Pukara 516,1.002674942594884e-07,1.002674942594884e-05,nombre
nombre_Muñecos Kawsay 619,9.828501234524696e-08,9.828501234524697e-06,nombre
nombre_Shampoo Andesol 631,9.823690116379973e-08,9.823690116379972e-06,nombre
nombre_Licuadora Rumi 248,9.657559424798344e-08,9.657559424798344e-06,nombre
nombre_Mouse InkaHome 776,9.423389327873797e-08,9.423389327873796e-06,nombre
nombre_Vestidos Wayra 072,9.373302354010836e-08,9.373302354010836e-06,nombre
nombre_Toallas Qori 408,9.364334419566247e-08,9.364334419566246e-06,nombre
nombre_Menestras Rumi 978,9.314999691029638e-08,9.314999691029638e-06,nombre
nombre_Desinfectante Misti 776,9.238718781450918e-08,9.238718781450918e-06,nombre
nombre_Audífonos CostaSur 195,9.153139613312055e-08,9.153139613312055e-06,nombre
nombre_Crema Dental Killa 363,9.133106985481034e-08,9.133106985481033e-06,nombre
nombre_Perfumería Sumaq 063,9.109491843314377e-08,9.109491843314378e-06,nombre
nombre_Monitores Sumaq 266,9.093774964552829e-08,9.093774964552829e-06,nombre
nombre_Shampoo Altura 143,9.018224927333838e-08,9.018224927333838e-06,nombre
nombre_Smartphones IntiMax 172,8.978382756523428e-08,8.978382756523429e-06,nombre
nombre_Botines NortePlus 284,8.911549684534797e-08,8.911549684534797e-06,nombre
nombre_Vestidos Ayni 257,8.755755580522426e-08,8.755755580522427e-06,nombre
nombre_Jugos Qori 214,8.717094248663742e-08,8.717094248663742e-06,nombre
nombre_Crema Dental Pukara 936,8.680111400362591e-08,8.680111400362591e-06,nombre
nombre_Teclados Kawsay 575,8.66667742491923e-08,8.66667742491923e-06,nombre
nombre_Impresoras Killa 780,8.543911490303935e-08,8.543911490303935e-06,nombre
nombre_Parrillas Nativa 388,8.343778628555926e-08,8.343778628555926e-06,nombre
nombre_Gaseosas Pukara 158,8.2063372395526e-08,8.2063372395526e-06,nombre
nombre_Decoración IntiMax 106,8.158313021257008e-08,8.158313021257008e-06,nombre
nombre_Impresoras Pukara 953,8.138362593957703e-08,8.138362593957703e-06,nombre
nombre_Detergente Kawsay 528,8.110152568023763e-08,8.110152568023763e-06,nombre
nombre_Detergente Rumi 383,7.83401864303755e-08,7.83401864303755e-06,nombre
nombre_Lavavajilla Nativa 711,7.763407522288483e-08,7.763407522288484e-06,nombre
nombre_Detergente Pukara 146,7.634357738019025e-08,7.634357738019024e-06,nombre
nombre_Parrillas Ayni 198,7.565025754520815e-08,7.565025754520815e-06,nombre
nombre_Monitores InkaHome 856,7.529190828635346e-08,7.529190828635346e-06,nombre
nombre_Lejía Misti 908,7.463733335276807e-08,7.4637333352768075e-06,nombre
nombre_Peluches InkaHome 722,7.447065106452956e-08,7.4470651064529565e-06,nombre
nombre_Detergente Misti 577,7.413523814123034e-08,7.4135238141230345e-06,nombre
nombre_Camisas Pukara 011,7.405795539668427e-08,7.405795539668426e-06,nombre
nombre_Licuadora Wayra 564,7.40302623459052e-08,7.403026234590521e-06,nombre
nombre_Licuadora NortePlus 929,7.381964125698204e-08,7.381964125698204e-06,nombre
nombre_Vestidos Pacífico 159,7.306908312136946e-08,7.306908312136946e-06,nombre
nombre_Útiles Escolares Killa 472,7.298724914551323e-08,7.298724914551322e-06,nombre
nombre_Calzado Deportivo Nativa 145,7.245744875587667e-08,7.245744875587667e-06,nombre
nombre_Smartphones Ayni 760,7.214826254175962e-08,7.2148262541759614e-06,nombre
nombre_Botines CostaSur 252,6.974261099253533e-08,6.974261099253533e-06,nombre
nombre_Energizantes CostaSur 655,6.964350677922941e-08,6.964350677922941e-06,nombre
nombre_Mochilas IntiMax 621,6.920729540834961e-08,6.920729540834961e-06,nombre
nombre_Microondas CostaSur 274,6.642637698103908e-08,6.642637698103908e-06,nombre
nombre_Muñecos Pacífico 787,6.622498533298024e-08,6.6224985332980245e-06,nombre
nombre_Desinfectante Kawsay 784,6.466953667494798e-08,6.466953667494798e-06,nombre
nombre_Freidora de Aire Killa 370,6.437342382909975e-08,6.437342382909975e-06,nombre
nombre_Lavavajilla Ayni 555,6.387579727874084e-08,6.387579727874083e-06,nombre
nombre_Aceite Rumi 726,6.333429567018716e-08,6.333429567018716e-06,nombre
nombre_Smartphones Misti 898,6.323166498978089e-08,6.3231664989780885e-06,nombre
nombre_Fideos Illari 994,6.19226157490422e-08,6.19226157490422e-06,nombre
nombre_Ropa de Verano Misti 584,6.190123984460268e-08,6.1901239844602675e-06,nombre
nombre_Camisas SolRetail 357,6.177025018117783e-08,6.177025018117783e-06,nombre
nombre_Arroz Andesol 007,6.152763022721312e-08,6.152763022721312e-06,nombre
nombre_Smartphones NortePlus 591,6.117292661350501e-08,6.117292661350501e-06,nombre
nombre_Desinfectante Illari 718,6.110314742070958e-08,6.1103147420709586e-06,nombre
nombre_Polos SolRetail 655,6.107009312474734e-08,6.107009312474734e-06,nombre
nombre_Lejía InkaHome 058,6.060601253573153e-08,6.060601253573153e-06,nombre
nombre_Lejía Sumaq 786,6.036109952557122e-08,6.036109952557122e-06,nombre
nombre_Monitores NortePlus 955,6.016848825608701e-08,6.016848825608702e-06,nombre
nombre_Impresoras Wayra 109,5.955387769627415e-08,5.955387769627415e-06,nombre
nombre_Licuadora SolRetail 203,5.9231405820729e-08,5.9231405820729e-06,nombre
nombre_Lavadora Nativa 751,5.860534025343468e-08,5.860534025343468e-06,nombre
nombre_Smartphones Tambo 820,5.824559515776284e-08,5.824559515776284e-06,nombre
nombre_Ropa de Verano Pukara 764,5.768061875809862e-08,5.768061875809862e-06,nombre
nombre_Teclados Altura 199,5.750484437505752e-08,5.750484437505752e-06,nombre
nombre_Jabón Tambo 971,5.580191886661104e-08,5.580191886661104e-06,nombre
nombre_Juguetes Educativos Kawsay 305,5.5759508465134054e-08,5.5759508465134056e-06,nombre
nombre_Sillas de Oficina Rumi 646,5.5251477100351043e-08,5.525147710035105e-06,nombre
nombre_Mouse NortePlus 561,5.450242311211017e-08,5.450242311211017e-06,nombre
nombre_Desodorante Tambo 589,5.2871312868344426e-08,5.287131286834443e-06,nombre
nombre_Polos Illari 645,5.1371445453132633e-08,5.137144545313264e-06,nombre
nombre_Perfumería Wayra 676,4.9105264981692134e-08,4.9105264981692135e-06,nombre
nombre_Muñecos Killa 785,4.906397833548977e-08,4.906397833548977e-06,nombre
nombre_Mouse SolRetail 357,4.859104745423999e-08,4.859104745424e-06,nombre
nombre_Conservas Wayra 406,4.7105792873467064e-08,4.710579287346706e-06,nombre
nombre_Shampoo Pacífico 219,4.6826104637526487e-08,4.682610463752648e-06,nombre
nombre_Botines Wayra 930,4.661369847222674e-08,4.6613698472226735e-06,nombre
nombre_Freidora de Aire Wayra 028,4.6577303707986654e-08,4.657730370798665e-06,nombre
nombre_Crema Dental Pukara 579,4.5740771048217895e-08,4.57407710482179e-06,nombre
nombre_Conservas Wayra 685,4.5606764279789915e-08,4.560676427978992e-06,nombre
nombre_Toallas Rumi 478,4.5556843971892905e-08,4.55568439718929e-06,nombre
nombre_Sábanas Qori 286,4.433714450566547e-08,4.4337144505665466e-06,nombre
nombre_Lavadora Tambo 910,4.423706872771647e-08,4.423706872771647e-06,nombre
nombre_Audífonos Tambo 426,4.3286007714778394e-08,4.328600771477839e-06,nombre
nombre_Mouse Kawsay 644,4.296956197426745e-08,4.296956197426745e-06,nombre
nombre_Bloques Nativa 309,4.2556240184151485e-08,4.255624018415149e-06,nombre
nombre_Sábanas Tambo 967,4.1726586103119704e-08,4.17265861031197e-06,nombre
nombre_Sillas de Oficina Rumi 660,4.140459890153112e-08,4.140459890153113e-06,nombre
nombre_Perfumería Qori 837,4.0884618273613264e-08,4.088461827361326e-06,nombre
nombre_Lavadora Altura 342,4.077006772253234e-08,4.077006772253234e-06,nombre
nombre_Harinas Wayra 930,3.9283725322412534e-08,3.928372532241253e-06,nombre
nombre_Accesorios Ayni 016,3.870977053143261e-08,3.870977053143261e-06,nombre
nombre_Accesorios InkaHome 105,3.774423404558545e-08,3.7744234045585454e-06,nombre
nombre_Shampoo Nativa 929,3.710218064545952e-08,3.710218064545952e-06,nombre
nombre_Jeans SolRetail 291,3.682988688430453e-08,3.682988688430453e-06,nombre
nombre_Peluches Nativa 917,3.6662681188132486e-08,3.6662681188132487e-06,nombre
nombre_Útiles Escolares Misti 019,3.6490842690067923e-08,3.6490842690067923e-06,nombre
nombre_Lavavajilla Wayra 574,3.563412686261059e-08,3.563412686261059e-06,nombre
nombre_Mochilas Illari 914,3.4908519957892e-08,3.4908519957891996e-06,nombre
nombre_Microondas Killa 982,3.2056774880944865e-08,3.2056774880944867e-06,nombre
nombre_Sandalias Tambo 066,2.9739775452885863e-08,2.9739775452885862e-06,nombre
nombre_Sandalias Pukara 061,2.9407864182285964e-08,2.9407864182285963e-06,nombre
nombre_Perfumería Pukara 461,2.8788352762917837e-08,2.8788352762917837e-06,nombre
nombre_Fideos Nativa 526,2.821866345694945e-08,2.821866345694945e-06,nombre
nombre_Conservas NortePlus 751,2.8088585410451567e-08,2.8088585410451568e-06,nombre
nombre_Desodorante Nativa 164,2.701426484578604e-08,2.701426484578604e-06,nombre
nombre_Vestidos Tambo 218,2.651883070546969e-08,2.651883070546969e-06,nombre
nombre_Sábanas Tambo 932,2.5977367608449114e-08,2.597736760844911e-06,nombre
nombre_Ropa Deportiva Pacífico 271,2.5917033074393677e-08,2.5917033074393678e-06,nombre
nombre_Útiles Escolares Killa 888,2.5471856330708128e-08,2.5471856330708126e-06,nombre
nombre_Botines Altura 605,2.542783313321686e-08,2.542783313321686e-06,nombre
nombre_Harinas Illari 870,2.4611080277890652e-08,2.461108027789065e-06,nombre
nombre_Teclados Qori 060,2.442196145583599e-08,2.442196145583599e-06,nombre
nombre_Accesorios CostaSur 424,2.4360397919825134e-08,2.4360397919825134e-06,nombre
nombre_Escritorios Pukara 484,2.394321413296045e-08,2.394321413296045e-06,nombre
nombre_Ropa de Verano Tambo 945,2.374610472022416e-08,2.374610472022416e-06,nombre
nombre_Mouse Qori 511,2.3489276567392893e-08,2.348927656739289e-06,nombre
nombre_Perfumería Killa 510,2.3232866979426447e-08,2.323286697942645e-06,nombre
nombre_Teclados Nativa 283,2.172539319209227e-08,2.172539319209227e-06,nombre
nombre_Bloqueador Solar Sumaq 058,2.1152814434708745e-08,2.1152814434708745e-06,nombre
nombre_Ropa de Verano Altura 154,2.05142202514179e-08,2.05142202514179e-06,nombre
nombre_Jugos Rumi 370,2.0447330374413967e-08,2.044733037441397e-06,nombre
nombre_Detergente Wayra 956,2.0426059708005753e-08,2.0426059708005753e-06,nombre
nombre_Botines Pacífico 080,2.0399060201127102e-08,2.0399060201127104e-06,nombre
nombre_Refrigeradora Tambo 048,1.9685922973970433e-08,1.9685922973970433e-06,nombre
nombre_Cuadernos Qori 568,1.7592014945012078e-08,1.7592014945012078e-06,nombre
nombre_Crema Dental Wayra 828,1.7574327339446496e-08,1.7574327339446496e-06,nombre
nombre_Zapatos Casuales Illari 835,1.7115064511401504e-08,1.7115064511401503e-06,nombre
nombre_Botines CostaSur 690,1.654903712324444e-08,1.6549037123244438e-06,nombre
nombre_Impresoras Ayni 791,1.6514365456803325e-08,1.6514365456803325e-06,nombre
nombre_Juegos de Mesa Andesol 704,1.605144599340868e-08,1.605144599340868e-06,nombre
nombre_Shampoo InkaHome 601,1.5208317410156125e-08,1.5208317410156125e-06,nombre
nombre_Agua SolRetail 731,1.4997873293603334e-08,1.4997873293603334e-06,nombre
nombre_Microondas Qori 805,1.491084669954751e-08,1.4910846699547507e-06,nombre
nombre_Lapiceros InkaHome 412,1.452759117842774e-08,1.452759117842774e-06,nombre
nombre_Sandalias Andesol 323,1.4106039884942372e-08,1.4106039884942371e-06,nombre
nombre_Menestras NortePlus 517,1.389568827604666e-08,1.389568827604666e-06,nombre
nombre_Fideos SolRetail 825,1.3251401926197149e-08,1.3251401926197148e-06,nombre
nombre_Escritorios Pacífico 835,1.2485086062125828e-08,1.248508606212583e-06,nombre
nombre_Plancha Sumaq 516,1.2034026902531704e-08,1.2034026902531705e-06,nombre
nombre_Toallas Tambo 861,1.167336603564493e-08,1.167336603564493e-06,nombre
nombre_Refrigeradora SolRetail 005,1.0879555889956518e-08,1.087955588995652e-06,nombre
nombre_Sandalias NortePlus 380,1.0622778272175514e-08,1.0622778272175514e-06,nombre
nombre_Zapatos Casuales Altura 167,1.0459752210807374e-08,1.0459752210807373e-06,nombre
nombre_Conservas Kawsay 645,9.871364372183817e-09,9.871364372183816e-07,nombre
nombre_Botines Altura 581,9.703371860516562e-09,9.703371860516561e-07,nombre
nombre_Sábanas Tambo 528,8.686901076851658e-09,8.686901076851658e-07,nombre
nombre_Decoración Nativa 125,7.602738202767438e-09,7.602738202767438e-07,nombre
nombre_Polos NortePlus 713,7.510246874674441e-09,7.510246874674441e-07,nombre
nombre_Botines Pacífico 612,7.166909185795937e-09,7.166909185795937e-07,nombre
nombre_Harinas Andesol 216,6.195635900271605e-09,6.195635900271605e-07,nombre
nombre_Licuadora SolRetail 593,5.985787997047185e-09,5.985787997047185e-07,nombre
nombre_Shampoo IntiMax 227,4.533811575689911e-09,4.533811575689911e-07,nombre
nombre_Desodorante Misti 177,3.90307377466621e-09,3.90307377466621e-07,nombre
nombre_Lavadora Qori 013,3.6898447602878165e-09,3.6898447602878165e-07,nombre
nombre_Agua InkaHome 883,3.1144246348859584e-09,3.1144246348859584e-07,nombre
nombre_Toallas InkaHome 298,2.6637226506420522e-09,2.6637226506420524e-07,nombre
nombre_Útiles Escolares Misti 854,2.653083275111859e-09,2.653083275111859e-07,nombre
nombre_Zapatos Casuales Tambo 425,2.198552599992938e-09,2.198552599992938e-07,nombre
nombre_Smartphones Altura 799,1.8974841785631297e-09,1.8974841785631298e-07,nombre
nombre_Tablets Wayra 243,1.729373553750235e-09,1.729373553750235e-07,nombre
nombre_Audífonos IntiMax 939,1.5753912320827595e-09,1.5753912320827594e-07,nombre
nombre_Audífonos SolRetail 116,1.6795414638213002e-10,1.6795414638213e-08,nombre
nombre_Organizadores Ayni 419,1.620986111858526e-10,1.6209861118585257e-08,nombre
nombre_Gaseosas SolRetail 026,1.2810165968180247e-10,1.2810165968180246e-08,nombre
nombre_Refrigeradora Rumi 112,1.510838003970665e-11,1.510838003970665e-09,nombre
nombre_Agua Killa 190,0.0,0.0,nombre
nombre_Microondas SolRetail 073,0.0,0.0,nombre
nombre_Freidora de Aire Pukara 210,0.0,0.0,nombre
nombre_Televisor Killa 642,0.0,0.0,nombre
nombre_Televisor SolRetail 464,0.0,0.0,nombre
nombre_Gaseosas Wayra 579,0.0,0.0,nombre
nombre_Sábanas Killa 611,0.0,0.0,nombre
nombre_Sábanas Rumi 321,0.0,0.0,nombre
nombre_Sábanas Sumaq 195,0.0,0.0,nombre
nombre_Crema Dental CostaSur 987,0.0,0.0,nombre
nombre_Juegos de Mesa Killa 294,0.0,0.0,nombre
nombre_Arroz NortePlus 152,0.0,0.0,nombre
nombre_Teclados InkaHome 408,0.0,0.0,nombre
nombre_Conservas Pacífico 869,0.0,0.0,nombre
nombre_Menestras Pacífico 796,0.0,0.0,nombre
nombre_Sábanas Altura 813,0.0,0.0,nombre
nombre_Menestras Pukara 697,0.0,0.0,nombre
nombre_Arroz Killa 918,0.0,0.0,nombre
nombre_Parrillas Misti 995,0.0,0.0,nombre
nombre_Parrillas Illari 447,0.0,0.0,nombre
nombre_Lavadora Andesol 386,0.0,0.0,nombre
nombre_Arroz Misti 957,0.0,0.0,nombre
nombre_Shampoo Qori 372,0.0,0.0,nombre
nombre_Freidora de Aire Ayni 506,0.0,0.0,nombre
nombre_Detergente CostaSur 855,0.0,0.0,nombre
nombre_Detergente Killa 179,0.0,0.0,nombre
nombre_Vajilla Sumaq 733,0.0,0.0,nombre
nombre_Vajilla Misti 528,0.0,0.0,nombre
nombre_Vajilla InkaHome 430,0.0,0.0,nombre
nombre_Juguetes Educativos Sumaq 998,0.0,0.0,nombre
nombre_Microondas Wayra 662,0.0,0.0,nombre
nombre_Toallas Ayni 818,0.0,0.0,nombre
nombre_Menestras Killa 585,0.0,0.0,nombre
nombre_Casacas Killa 949,0.0,0.0,nombre
nombre_Desodorante Andesol 299,0.0,0.0,nombre
nombre_Refrigeradora Qori 578,0.0,0.0,nombre
nombre_Útiles Escolares Rumi 124,0.0,0.0,nombre
nombre_Lavavajilla Kawsay 567,0.0,0.0,nombre
nombre_Licuadora Killa 331,0.0,0.0,nombre
nombre_Licuadora IntiMax 702,0.0,0.0,nombre
nombre_Shampoo Andesol 460,0.0,0.0,nombre
nombre_Shampoo IntiMax 778,0.0,0.0,nombre
nombre_Jabón Tambo 046,0.0,0.0,nombre
nombre_Jabón SolRetail 961,0.0,0.0,nombre
nombre_Desodorante Kawsay 752,0.0,0.0,nombre
nombre_Ropa de Verano CostaSur 404,0.0,0.0,nombre
nombre_Ropa de Verano Illari 277,0.0,0.0,nombre
nombre_Ropa Deportiva Altura 691,0.0,0.0,nombre
nombre_Shampoo Killa 304,0.0,0.0,nombre
nombre_Sandalias Pacífico 754,0.0,0.0,nombre
nombre_Ollas Andesol 999,0.0,0.0,nombre
nombre_Sandalias Tambo 394,0.0,0.0,nombre
nombre_Conservas Kawsay 375,0.0,0.0,nombre
nombre_Fideos Kawsay 433,0.0,0.0,nombre
nombre_Jeans Killa 290,0.0,0.0,nombre
nombre_Refrigeradora Andesol 074,0.0,0.0,nombre
nombre_Polos Sumaq 343,0.0,0.0,nombre
nombre_Polos IntiMax 013,0.0,0.0,nombre
nombre_Polos Altura 660,0.0,0.0,nombre
nombre_Plancha Ayni 784,0.0,0.0,nombre
nombre_Polos Ayni 280,0.0,0.0,nombre
nombre_Jeans Tambo 689,0.0,0.0,nombre
nombre_Calzado Deportivo Wayra 780,0.0,0.0,nombre
nombre_Calzado Deportivo Sumaq 987,0.0,0.0,nombre
nombre_Jeans Wayra 514,0.0,0.0,nombre
nombre_Ollas Ayni 028,0.0,0.0,nombre
nombre_Camisas Andesol 613,0.0,0.0,nombre
nombre_Camisas Killa 823,0.0,0.0,nombre
nombre_Botines Pacífico 271,0.0,0.0,nombre
nombre_Botines Rumi 298,0.0,0.0,nombre
nombre_Bloques Rumi 300,0.0,0.0,nombre
nombre_Perfumería IntiMax 365,0.0,0.0,nombre
nombre_Jabón Altura 210,0.0,0.0,nombre
nombre_Peluches InkaHome 556,0.0,0.0,nombre
nombre_Fideos Andesol 837,0.0,0.0,nombre
nombre_Bloqueador Solar Pukara 149,0.0,0.0,nombre
nombre_Lavadora Misti 695,0.0,0.0,nombre
nombre_Lavadora NortePlus 618,0.0,0.0,nombre
nombre_Peluches Pukara 896,0.0,0.0,nombre
nombre_Infusiones Pukara 281,0.0,0.0,nombre
nombre_Parrillas Rumi 875,0.0,0.0,nombre
nombre_Peluches Ayni 948,0.0,0.0,nombre
nombre_Parrillas NortePlus 485,0.0,0.0,nombre
nombre_Ollas Pukara 772,0.0,0.0,nombre
nombre_Bloques Kawsay 386,0.0,0.0,nombre
nombre_Lavadora Wayra 978,0.0,0.0,nombre
