id_producto,id_tienda,Q,E,U,h
975,2,0.0,52.166667,0.0,0.09
992,7,0.0,10.166667,0.0,3.86
991,11,0.0,55.916667,0.0,0.22
991,3,0.0,51.916667,0.0,0.17
984,1,0.0,54.666667,0.0,0.09
985,11,0.0,11.333333,0.0,2.02
979,3,0.0,47.833333,0.0,0.06
992,4,0.0,16.166667,0.0,1.52
984,12,0.0,57.666667,0.0,0.08
975,1,0.0,56.166667,0.0,0.12
984,7,0.0,71.666667,0.0,0.15
992,12,0.0,20.166667,0.0,1.67
979,12,0.0,56.833333,0.0,0.04
992,5,0.0,15.166667,0.0,1.85
979,9,0.0,64.833333,0.0,0.05
985,7,0.0,8.3333333,0.0,3.46
984,6,0.0,126.66667,0.0,0.15
991,4,0.0,52.916667,0.0,0.17
991,10,0.0,51.916667,0.0,0.18
975,4,0.0,57.166667,0.0,0.12
991,5,0.0,34.916667,0.0,0.18
979,7,0.0,55.833333,0.0,0.11
975,12,0.0,35.166667,0.0,0.1
992,6,0.0,29.166667,0.0,3.9
985,12,0.0,31.333333,0.0,1.71
975,7,0.0,44.166667,0.0,0.21
985,6,0.0,10.333333,0.0,2.93
979,4,0.0,112.83333,0.0,0.05
979,2,0.0,57.833333,0.0,0.05
991,7,0.0,47.916667,0.0,0.37
992,10,0.0,11.166667,0.0,1.52
985,10,0.0,17.333333,0.0,2.17
992,2,0.0,10.166667,0.0,1.77
984,11,0.0,115.66667,0.0,0.1
991,12,0.0,76.916667,0.0,0.23
975,8,0.0,58.166667,0.0,0.12
985,4,0.0,14.333333,0.0,1.5
985,9,0.0,13.333333,0.0,1.61
979,8,0.0,49.833333,0.0,0.05
992,9,0.0,12.166667,0.0,2.0
991,8,0.0,47.916667,0.0,0.18
992,1,0.0,12.166667,0.0,2.14
991,1,0.0,33.916667,0.0,0.23
975,5,0.0,57.166667,0.0,0.09
975,3,0.0,111.16667,0.0,0.1
984,4,0.0,102.66667,0.0,0.1
985,3,0.0,9.3333333,0.0,2.0
979,11,0.0,78.833333,0.0,0.04
984,5,0.0,141.66667,0.0,0.09
984,2,0.0,69.666667,0.0,0.09
984,10,0.0,53.666667,0.0,0.08
984,9,0.0,143.66667,0.0,0.09
985,2,0.0,11.333333,0.0,1.7
979,10,0.0,96.833333,0.0,0.06
984,8,0.0,81.666667,0.0,0.1
992,3,0.0,17.166667,0.0,1.67
991,6,0.0,46.916667,0.0,0.32
979,1,0.0,78.833333,0.0,0.05
985,5,0.0,12.333333,0.0,1.77
975,9,0.0,142.16667,0.0,0.12
991,9,0.0,44.916667,0.0,0.24
975,6,0.0,45.166667,0.0,0.17
975,11,0.0,50.166667,0.0,0.12
985,8,0.0,19.333333,0.0,2.17
992,11,0.0,10.166667,0.0,1.98
975,10,0.0,53.166667,0.0,0.09
979,5,0.0,63.833333,0.0,0.05
984,3,0.0,130.66667,0.0,0.08
979,6,0.0,54.833333,0.0,0.1
992,8,0.0,21.166667,0.0,2.0
991,2,0.0,46.916667,0.0,0.19
985,1,0.0,8.3333333,0.0,1.88
326,12,0.0,142.08333,0.0,1.9
326,11,0.0,7.0833333,0.0,1.59
326,10,0.0,11.083333,0.0,1.63
326,9,0.0,8.0833333,0.0,1.65
326,8,0.0,8.0833333,0.0,1.69
326,7,0.0,8.0833333,0.0,2.67
326,6,0.0,8.0833333,0.0,2.6
326,5,0.0,7.0833333,0.0,1.4
326,4,0.0,9.0833333,0.0,1.9
326,3,0.0,23.083333,0.0,1.66
326,2,0.0,5.0833333,0.0,1.66
326,1,0.0,21.083333,0.0,1.94
355,12,0.0,38.0,0.0,0.4
355,11,0.0,57.0,0.0,0.33
355,10,0.0,36.0,0.0,0.44
355,9,0.0,48.0,0.0,0.37
355,8,0.0,52.0,0.0,0.37
355,7,0.0,48.0,0.0,0.57
355,6,0.0,57.0,0.0,0.67
355,5,0.0,57.0,0.0,0.31
355,4,0.0,44.0,0.0,0.38
355,2,0.0,53.0,0.0,0.3
355,1,0.0,53.0,0.0,0.38
355,3,0.0,55.0,0.0,0.33
358,1,0.0,36.083333,0.0,0.24
358,3,0.0,50.083333,0.0,0.21
365,6,0.0,8.25,0.0,3.86
365,5,0.0,9.25,0.0,1.5
365,4,0.0,12.25,0.0,1.37
365,3,0.0,7.25,0.0,1.61
365,2,0.0,11.25,0.0,1.6
365,1,0.0,13.25,0.0,1.8
361,12,0.0,51.083333,0.0,0.07
361,11,0.0,143.08333,0.0,0.09
361,10,0.0,55.083333,0.0,0.09
358,12,0.0,138.08333,0.0,0.19
358,11,0.0,50.083333,0.0,0.19
358,10,0.0,53.083333,0.0,0.18
358,9,0.0,64.083333,0.0,0.2
358,8,0.0,64.083333,0.0,0.19
358,7,0.0,57.083333,0.0,0.39
358,6,0.0,48.083333,0.0,0.35
358,5,0.0,57.083333,0.0,0.17
358,4,0.0,42.083333,0.0,0.21
358,2,0.0,34.083333,0.0,0.24
361,9,0.0,89.083333,0.0,0.09
361,8,0.0,116.08333,0.0,0.07
361,7,0.0,65.083333,0.0,0.13
361,6,0.0,123.08333,0.0,0.13
361,5,0.0,72.083333,0.0,0.09
361,4,0.0,134.08333,0.0,0.07
361,3,0.0,128.08333,0.0,0.1
361,2,0.0,105.08333,0.0,0.08
361,1,0.0,58.083333,0.0,0.09
341,1,0.0,40.0,0.0,0.06
341,12,0.0,44.0,0.0,0.06
341,11,0.0,98.0,0.0,0.05
341,10,0.0,67.0,0.0,0.04
341,9,0.0,67.0,0.0,0.05
341,8,0.0,51.0,0.0,0.05
341,7,0.0,51.0,0.0,0.12
341,6,0.0,106.0,0.0,0.11
341,5,0.0,94.0,0.0,0.05
341,4,0.0,108.0,0.0,0.06
341,3,0.0,58.0,0.0,0.04
341,2,0.0,33.0,0.0,0.04
343,12,0.0,98.583333,0.0,2.05
343,11,0.0,9.5833333,0.0,2.01
343,10,0.0,8.5833333,0.0,1.76
343,9,0.0,7.5833333,0.0,1.5
343,8,0.0,7.5833333,0.0,2.05
343,7,0.0,12.583333,0.0,3.27
343,6,0.0,8.5833333,0.0,3.64
343,5,0.0,6.5833333,0.0,1.84
343,4,0.0,22.583333,0.0,2.03
343,3,0.0,11.583333,0.0,1.69
343,2,0.0,31.583333,0.0,1.77
343,1,0.0,7.5833333,0.0,2.07
264,10,0.0,68.75,0.0,0.25
264,9,0.0,63.75,0.0,0.2
264,8,0.0,56.75,0.0,0.21
264,7,0.0,56.75,0.0,0.34
264,6,0.0,57.75,0.0,0.51
264,5,0.0,56.75,0.0,0.23
264,4,0.0,56.75,0.0,0.19
264,3,0.0,53.75,0.0,0.21
264,11,0.0,39.75,0.0,0.2
264,2,0.0,52.75,0.0,0.23
264,1,0.0,47.75,0.0,0.26
264,12,0.0,51.75,0.0,0.21
261,1,0.0,45.75,0.0,0.32
261,2,0.0,43.75,0.0,0.41
261,3,0.0,57.75,0.0,0.35
261,5,0.0,52.75,0.0,0.43
261,12,0.0,18.75,0.0,0.31
261,11,0.0,52.75,0.0,0.38
261,10,0.0,57.75,0.0,0.31
261,9,0.0,52.75,0.0,0.38
261,8,0.0,59.75,0.0,0.41
261,7,0.0,52.75,0.0,0.71
261,6,0.0,57.75,0.0,0.79
261,4,0.0,52.75,0.0,0.39
257,3,0.0,9.5,0.0,1.53
257,2,0.0,5.5,0.0,1.37
257,1,0.0,7.5,0.0,1.86
257,4,0.0,17.5,0.0,1.41
257,5,0.0,12.5,0.0,1.72
257,7,0.0,12.5,0.0,2.89
257,12,0.0,106.5,0.0,1.68
257,11,0.0,7.5,0.0,1.89
257,10,0.0,5.5,0.0,1.94
257,9,0.0,11.5,0.0,1.86
257,8,0.0,12.5,0.0,1.45
257,6,0.0,9.5,0.0,3.43
365,7,0.0,13.25,0.0,2.94
293,12,0.0,39.416667,0.0,0.25
293,11,0.0,56.416667,0.0,0.25
293,10,0.0,54.416667,0.0,0.22
293,9,0.0,56.416667,0.0,0.22
293,8,0.0,51.416667,0.0,0.2
293,7,0.0,51.416667,0.0,0.39
293,6,0.0,52.416667,0.0,0.45
293,5,0.0,58.416667,0.0,0.2
293,4,0.0,50.416667,0.0,0.22
293,3,0.0,53.416667,0.0,0.27
293,2,0.0,37.416667,0.0,0.2
293,1,0.0,47.416667,0.0,0.23
299,1,0.0,48.25,0.0,0.23
299,2,0.0,39.25,0.0,0.22
299,3,0.0,45.25,0.0,0.22
299,5,0.0,48.25,0.0,0.17
299,12,0.0,130.25,0.0,0.22
299,11,0.0,49.25,0.0,0.22
299,10,0.0,47.25,0.0,0.18
299,9,0.0,50.25,0.0,0.21
299,8,0.0,52.25,0.0,0.22
299,7,0.0,41.25,0.0,0.47
299,6,0.0,43.25,0.0,0.29
299,4,0.0,57.25,0.0,0.24
286,12,0.0,41.666667,0.0,0.05
286,11,0.0,67.666667,0.0,0.06
286,10,0.0,45.666667,0.0,0.06
286,9,0.0,77.666667,0.0,0.05
286,8,0.0,123.66667,0.0,0.04
286,7,0.0,99.666667,0.0,0.11
286,6,0.0,58.666667,0.0,0.08
286,5,0.0,58.666667,0.0,0.04
286,4,0.0,76.666667,0.0,0.05
286,3,0.0,95.666667,0.0,0.05
286,2,0.0,127.66667,0.0,0.05
286,1,0.0,65.666667,0.0,0.05
284,2,0.0,17.083333,0.0,1.35
284,12,0.0,119.08333,0.0,1.42
284,11,0.0,8.0833333,0.0,1.51
284,10,0.0,11.083333,0.0,1.65
284,9,0.0,11.083333,0.0,1.37
284,8,0.0,9.0833333,0.0,1.88
284,7,0.0,7.0833333,0.0,3.22
284,6,0.0,10.083333,0.0,3.56
284,5,0.0,9.0833333,0.0,1.71
284,4,0.0,12.083333,0.0,1.48
284,3,0.0,7.0833333,0.0,1.9
284,1,0.0,17.083333,0.0,1.84
365,8,0.0,19.25,0.0,1.71
365,9,0.0,10.25,0.0,1.73
365,10,0.0,5.25,0.0,1.72
444,12,0.0,52.166667,0.0,0.33
444,11,0.0,48.166667,0.0,0.41
444,10,0.0,52.166667,0.0,0.41
444,9,0.0,56.166667,0.0,0.3
444,8,0.0,50.166667,0.0,0.43
444,7,0.0,43.166667,0.0,0.58
444,6,0.0,51.166667,0.0,0.84
444,5,0.0,56.166667,0.0,0.41
444,4,0.0,54.166667,0.0,0.44
444,3,0.0,38.166667,0.0,0.33
444,2,0.0,50.166667,0.0,0.38
444,1,0.0,46.166667,0.0,0.4
454,10,0.0,44.416667,0.0,0.18
454,9,0.0,56.416667,0.0,0.21
454,8,0.0,58.416667,0.0,0.18
454,7,0.0,56.416667,0.0,0.36
454,6,0.0,57.416667,0.0,0.33
454,5,0.0,49.416667,0.0,0.21
454,4,0.0,53.416667,0.0,0.23
454,3,0.0,58.416667,0.0,0.19
454,11,0.0,58.416667,0.0,0.22
454,2,0.0,50.416667,0.0,0.19
454,1,0.0,57.416667,0.0,0.17
454,12,0.0,104.41667,0.0,0.18
452,12,0.0,58.166667,0.0,2.01
452,11,0.0,12.166667,0.0,1.51
452,10,0.0,11.166667,0.0,1.74
452,9,0.0,9.1666667,0.0,1.7
452,8,0.0,11.166667,0.0,1.73
452,7,0.0,9.1666667,0.0,2.82
452,6,0.0,12.166667,0.0,3.86
452,5,0.0,8.1666667,0.0,1.96
452,4,0.0,11.166667,0.0,1.9
452,3,0.0,13.166667,0.0,1.72
452,2,0.0,13.166667,0.0,1.6
452,1,0.0,14.166667,0.0,1.53
430,12,0.0,123.16667,0.0,1.76
430,11,0.0,13.166667,0.0,1.73
430,10,0.0,11.166667,0.0,1.44
430,9,0.0,9.1666667,0.0,1.8
430,8,0.0,13.166667,0.0,1.48
430,7,0.0,23.166667,0.0,3.22
430,6,0.0,10.166667,0.0,2.27
430,5,0.0,17.166667,0.0,1.78
430,4,0.0,12.166667,0.0,1.44
430,3,0.0,13.166667,0.0,1.48
426,12,0.0,48.75,0.0,0.09
426,11,0.0,132.75,0.0,0.1
426,10,0.0,46.75,0.0,0.07
426,9,0.0,155.75,0.0,0.08
430,2,0.0,13.166667,0.0,1.75
430,1,0.0,36.166667,0.0,1.76
426,8,0.0,129.75,0.0,0.07
477,8,0.0,49.5,0.0,0.35
477,7,0.0,49.5,0.0,0.86
477,6,0.0,56.5,0.0,0.61
477,5,0.0,57.5,0.0,0.41
477,4,0.0,51.5,0.0,0.37
477,3,0.0,54.5,0.0,0.37
477,2,0.0,50.5,0.0,0.41
477,1,0.0,54.5,0.0,0.39
477,9,0.0,55.5,0.0,0.3
477,10,0.0,57.5,0.0,0.3
477,11,0.0,55.5,0.0,0.32
477,12,0.0,39.5,0.0,0.42
475,12,0.0,48.5,0.0,1.69
475,11,0.0,10.5,0.0,2.1
475,10,0.0,11.5,0.0,1.93
475,9,0.0,14.5,0.0,1.74
475,8,0.0,13.5,0.0,1.92
475,7,0.0,6.5,0.0,3.66
475,6,0.0,6.5,0.0,3.04
475,5,0.0,11.5,0.0,1.53
475,4,0.0,10.5,0.0,1.8
475,3,0.0,6.5,0.0,2.12
475,2,0.0,8.5,0.0,1.65
475,1,0.0,13.5,0.0,1.92
484,12,0.0,44.416667,0.0,0.05
484,11,0.0,53.416667,0.0,0.05
484,10,0.0,47.416667,0.0,0.06
484,9,0.0,70.416667,0.0,0.06
484,8,0.0,52.416667,0.0,0.05
484,7,0.0,32.416667,0.0,0.08
484,5,0.0,118.41667,0.0,0.06
484,4,0.0,116.41667,0.0,0.05
484,3,0.0,58.416667,0.0,0.06
484,2,0.0,76.416667,0.0,0.06
484,1,0.0,43.416667,0.0,0.06
484,6,0.0,40.416667,0.0,0.1
480,12,0.0,56.5,0.0,0.06
480,11,0.0,71.5,0.0,0.06
480,10,0.0,54.5,0.0,0.05
480,9,0.0,102.5,0.0,0.06
480,8,0.0,111.5,0.0,0.05
480,7,0.0,51.5,0.0,0.12
480,6,0.0,43.5,0.0,0.09
480,5,0.0,56.5,0.0,0.06
480,4,0.0,53.5,0.0,0.05
480,3,0.0,123.5,0.0,0.05
480,2,0.0,116.5,0.0,0.06
480,1,0.0,114.5,0.0,0.06
426,7,0.0,76.75,0.0,0.17
426,5,0.0,78.75,0.0,0.09
387,12,0.0,48.666667,0.0,0.09
387,11,0.0,49.666667,0.0,0.09
387,10,0.0,52.666667,0.0,0.09
387,9,0.0,67.666667,0.0,0.07
387,8,0.0,120.66667,0.0,0.07
387,7,0.0,156.66667,0.0,0.16
387,6,0.0,54.666667,0.0,0.17
387,5,0.0,56.666667,0.0,0.08
387,4,0.0,79.666667,0.0,0.09
387,3,0.0,52.666667,0.0,0.1
387,2,0.0,43.666667,0.0,0.1
387,1,0.0,54.666667,0.0,0.09
381,12,0.0,118.0,0.0,1.68
381,11,0.0,11.0,0.0,1.59
381,10,0.0,10.0,0.0,1.35
381,9,0.0,13.0,0.0,1.81
381,8,0.0,8.0,0.0,1.65
381,7,0.0,8.0,0.0,2.51
381,6,0.0,8.0,0.0,3.13
381,5,0.0,13.0,0.0,1.88
381,4,0.0,5.0,0.0,1.59
381,3,0.0,15.0,0.0,1.73
381,2,0.0,23.0,0.0,1.58
383,12,0.0,109.75,0.0,0.22
383,11,0.0,44.75,0.0,0.22
383,10,0.0,46.75,0.0,0.19
383,9,0.0,52.75,0.0,0.25
383,8,0.0,56.75,0.0,0.21
383,7,0.0,51.75,0.0,0.36
383,6,0.0,48.75,0.0,0.43
383,5,0.0,53.75,0.0,0.19
383,4,0.0,51.75,0.0,0.25
383,3,0.0,47.75,0.0,0.17
383,2,0.0,38.75,0.0,0.21
383,1,0.0,37.75,0.0,0.23
381,1,0.0,9.0,0.0,1.33
392,12,0.0,54.75,0.0,0.41
392,11,0.0,52.75,0.0,0.39
392,10,0.0,50.75,0.0,0.43
392,9,0.0,56.75,0.0,0.41
392,8,0.0,56.75,0.0,0.32
392,7,0.0,50.75,0.0,0.75
395,11,0.0,47.916667,0.0,0.34
395,10,0.0,55.916667,0.0,0.36
395,9,0.0,75.916667,0.0,0.3
395,8,0.0,59.916667,0.0,0.32
395,7,0.0,46.916667,0.0,0.56
395,6,0.0,53.916667,0.0,0.71
395,5,0.0,52.916667,0.0,0.34
395,4,0.0,54.916667,0.0,0.32
395,3,0.0,41.916667,0.0,0.43
395,2,0.0,56.916667,0.0,0.42
395,1,0.0,55.916667,0.0,0.37
392,6,0.0,56.75,0.0,0.8
392,5,0.0,50.75,0.0,0.42
392,4,0.0,47.75,0.0,0.34
392,3,0.0,45.75,0.0,0.37
390,3,0.0,12.666667,0.0,1.91
390,2,0.0,10.666667,0.0,2.03
390,1,0.0,9.6666667,0.0,1.96
390,4,0.0,8.6666667,0.0,1.68
390,5,0.0,8.6666667,0.0,1.78
390,7,0.0,12.666667,0.0,3.46
392,2,0.0,47.75,0.0,0.39
392,1,0.0,53.75,0.0,0.42
390,12,0.0,52.666667,0.0,2.01
390,11,0.0,9.6666667,0.0,1.77
390,10,0.0,14.666667,0.0,2.17
390,9,0.0,7.6666667,0.0,1.92
390,8,0.0,11.666667,0.0,2.07
390,6,0.0,11.666667,0.0,3.05
365,12,0.0,72.25,0.0,1.64
365,11,0.0,4.25,0.0,1.94
378,10,0.0,46.5,0.0,0.26
378,9,0.0,44.5,0.0,0.21
378,8,0.0,48.5,0.0,0.22
378,7,0.0,38.5,0.0,0.49
378,6,0.0,44.5,0.0,0.41
378,5,0.0,52.5,0.0,0.21
378,4,0.0,52.5,0.0,0.23
378,3,0.0,49.5,0.0,0.25
378,2,0.0,46.5,0.0,0.25
378,1,0.0,42.5,0.0,0.19
378,11,0.0,49.5,0.0,0.23
378,12,0.0,91.5,0.0,0.22
395,12,0.0,47.916667,0.0,0.39
374,12,0.0,45.666667,0.0,0.3
374,11,0.0,50.666667,0.0,0.38
374,10,0.0,48.666667,0.0,0.37
374,9,0.0,56.666667,0.0,0.4
374,8,0.0,45.666667,0.0,0.34
374,7,0.0,47.666667,0.0,0.71
374,6,0.0,50.666667,0.0,0.73
374,5,0.0,51.666667,0.0,0.36
374,4,0.0,52.666667,0.0,0.37
374,3,0.0,39.666667,0.0,0.35
374,2,0.0,43.666667,0.0,0.37
374,1,0.0,49.666667,0.0,0.38
426,6,0.0,46.75,0.0,0.14
396,1,0.0,114.58333,0.0,0.06
396,3,0.0,47.583333,0.0,0.05
423,12,0.0,101.16667,0.0,0.22
423,11,0.0,45.166667,0.0,0.2
423,10,0.0,54.166667,0.0,0.24
423,9,0.0,48.166667,0.0,0.24
423,7,0.0,54.166667,0.0,0.4
423,6,0.0,51.166667,0.0,0.32
423,5,0.0,48.166667,0.0,0.25
423,4,0.0,40.166667,0.0,0.2
423,3,0.0,35.166667,0.0,0.23
423,2,0.0,49.166667,0.0,0.24
423,1,0.0,48.166667,0.0,0.21
423,8,0.0,43.166667,0.0,0.19
426,4,0.0,54.75,0.0,0.1
426,3,0.0,53.75,0.0,0.08
426,2,0.0,118.75,0.0,0.09
426,1,0.0,60.75,0.0,0.07
400,12,0.0,49.666667,0.0,0.1
400,11,0.0,103.66667,0.0,0.1
400,9,0.0,54.666667,0.0,0.09
400,8,0.0,55.666667,0.0,0.11
400,7,0.0,57.666667,0.0,0.17
400,6,0.0,75.666667,0.0,0.2
400,5,0.0,123.66667,0.0,0.08
400,4,0.0,62.666667,0.0,0.11
400,3,0.0,57.666667,0.0,0.11
400,2,0.0,60.666667,0.0,0.09
400,10,0.0,121.66667,0.0,0.11
403,6,0.0,51.916667,0.0,0.38
403,5,0.0,59.916667,0.0,0.24
403,4,0.0,54.916667,0.0,0.18
403,3,0.0,56.916667,0.0,0.24
403,2,0.0,46.916667,0.0,0.23
403,1,0.0,53.916667,0.0,0.24
402,12,0.0,174.41667,0.0,0.31
402,11,0.0,54.416667,0.0,0.32
402,10,0.0,47.416667,0.0,0.33
402,9,0.0,51.416667,0.0,0.3
402,8,0.0,54.416667,0.0,0.38
402,7,0.0,58.416667,0.0,0.71
402,6,0.0,35.416667,0.0,0.78
402,5,0.0,43.416667,0.0,0.31
402,4,0.0,39.416667,0.0,0.38
402,3,0.0,31.416667,0.0,0.36
402,2,0.0,55.416667,0.0,0.3
402,1,0.0,23.416667,0.0,0.35
400,1,0.0,93.666667,0.0,0.1
396,12,0.0,60.583333,0.0,0.04
396,11,0.0,41.583333,0.0,0.05
396,10,0.0,63.583333,0.0,0.06
396,9,0.0,77.583333,0.0,0.06
396,8,0.0,49.583333,0.0,0.05
396,7,0.0,37.583333,0.0,0.12
396,6,0.0,45.583333,0.0,0.1
396,5,0.0,96.583333,0.0,0.06
396,4,0.0,143.58333,0.0,0.05
403,7,0.0,50.916667,0.0,0.41
403,8,0.0,71.916667,0.0,0.19
403,9,0.0,55.916667,0.0,0.23
403,10,0.0,56.916667,0.0,0.23
410,12,0.0,86.666667,0.0,0.19
410,11,0.0,50.666667,0.0,0.24
410,10,0.0,48.666667,0.0,0.19
410,9,0.0,50.666667,0.0,0.2
410,8,0.0,51.666667,0.0,0.21
410,7,0.0,47.666667,0.0,0.46
410,6,0.0,51.666667,0.0,0.36
410,5,0.0,44.666667,0.0,0.2
410,4,0.0,32.666667,0.0,0.2
410,3,0.0,48.666667,0.0,0.19
410,2,0.0,43.666667,0.0,0.23
410,1,0.0,52.666667,0.0,0.21
396,2,0.0,44.583333,0.0,0.05
403,12,0.0,41.916667,0.0,0.2
403,11,0.0,52.916667,0.0,0.2
406,12,0.0,79.166667,0.0,0.05
406,11,0.0,58.166667,0.0,0.06
406,10,0.0,54.166667,0.0,0.06
406,9,0.0,116.16667,0.0,0.05
406,8,0.0,107.16667,0.0,0.05
406,7,0.0,54.166667,0.0,0.08
406,6,0.0,88.166667,0.0,0.11
406,5,0.0,110.16667,0.0,0.06
406,4,0.0,82.166667,0.0,0.05
406,3,0.0,68.166667,0.0,0.05
406,2,0.0,41.166667,0.0,0.06
406,1,0.0,113.16667,0.0,0.05
82,4,0.0,64.416667,0.0,0.2
82,3,0.0,56.416667,0.0,0.21
82,2,0.0,57.416667,0.0,0.2
82,1,0.0,50.416667,0.0,0.26
82,5,0.0,52.416667,0.0,0.23
82,6,0.0,53.416667,0.0,0.38
82,7,0.0,40.416667,0.0,0.43
82,8,0.0,55.416667,0.0,0.25
84,3,0.0,69.666667,0.0,0.1
84,2,0.0,38.666667,0.0,0.1
84,1,0.0,47.666667,0.0,0.11
82,12,0.0,50.416667,0.0,0.2
82,11,0.0,49.416667,0.0,0.26
82,10,0.0,56.416667,0.0,0.19
82,9,0.0,58.416667,0.0,0.2
78,7,0.0,44.25,0.0,0.1
78,6,0.0,55.25,0.0,0.1
78,5,0.0,64.25,0.0,0.05
78,4,0.0,130.25,0.0,0.05
78,3,0.0,41.25,0.0,0.06
78,2,0.0,37.25,0.0,0.06
78,1,0.0,107.25,0.0,0.06
78,8,0.0,144.25,0.0,0.05
84,4,0.0,136.66667,0.0,0.1
78,9,0.0,141.25,0.0,0.04
78,11,0.0,60.25,0.0,0.05
78,12,0.0,92.25,0.0,0.05
78,10,0.0,54.25,0.0,0.06
84,5,0.0,55.666667,0.0,0.1
84,7,0.0,56.666667,0.0,0.16
91,10,0.0,57.0,0.0,0.42
91,9,0.0,49.0,0.0,0.39
91,8,0.0,54.0,0.0,0.43
91,7,0.0,53.0,0.0,0.51
91,6,0.0,54.0,0.0,0.75
91,5,0.0,45.0,0.0,0.42
91,4,0.0,48.0,0.0,0.35
91,3,0.0,58.0,0.0,0.33
91,2,0.0,55.0,0.0,0.3
91,1,0.0,48.0,0.0,0.43
84,12,0.0,44.666667,0.0,0.11
84,11,0.0,101.66667,0.0,0.11
84,10,0.0,156.66667,0.0,0.09
84,9,0.0,130.66667,0.0,0.11
84,8,0.0,55.666667,0.0,0.08
84,6,0.0,168.66667,0.0,0.21
91,11,0.0,54.0,0.0,0.32
66,12,0.0,112.16667,0.0,1.78
66,11,0.0,11.166667,0.0,1.95
66,10,0.0,10.166667,0.0,1.83
66,9,0.0,12.166667,0.0,2.08
66,8,0.0,12.166667,0.0,1.88
66,7,0.0,13.166667,0.0,3.05
66,6,0.0,12.166667,0.0,3.98
66,4,0.0,12.166667,0.0,1.91
66,3,0.0,10.166667,0.0,2.16
66,2,0.0,9.1666667,0.0,1.81
66,1,0.0,9.1666667,0.0,1.91
66,5,0.0,9.1666667,0.0,1.56
69,1,0.0,39.666667,0.0,0.06
63,5,0.0,57.25,0.0,0.4
63,4,0.0,53.25,0.0,0.42
63,3,0.0,48.25,0.0,0.41
63,2,0.0,53.25,0.0,0.41
63,1,0.0,54.25,0.0,0.43
63,6,0.0,52.25,0.0,0.75
69,2,0.0,44.666667,0.0,0.05
63,7,0.0,54.25,0.0,0.65
63,9,0.0,53.25,0.0,0.39
63,12,0.0,55.25,0.0,0.41
63,11,0.0,54.25,0.0,0.4
63,10,0.0,50.25,0.0,0.31
63,8,0.0,50.25,0.0,0.38
69,3,0.0,52.666667,0.0,0.06
69,5,0.0,49.666667,0.0,0.06
75,1,0.0,127.83333,0.0,0.09
75,12,0.0,52.833333,0.0,0.09
75,11,0.0,53.833333,0.0,0.09
75,10,0.0,125.83333,0.0,0.08
75,9,0.0,86.833333,0.0,0.09
75,8,0.0,50.833333,0.0,0.07
75,7,0.0,57.833333,0.0,0.13
75,6,0.0,56.833333,0.0,0.16
75,5,0.0,118.83333,0.0,0.09
75,4,0.0,110.83333,0.0,0.09
75,3,0.0,39.833333,0.0,0.08
75,2,0.0,130.83333,0.0,0.07
69,12,0.0,95.666667,0.0,0.05
69,11,0.0,66.666667,0.0,0.06
69,10,0.0,49.666667,0.0,0.05
69,9,0.0,148.66667,0.0,0.05
69,8,0.0,42.666667,0.0,0.05
69,7,0.0,55.666667,0.0,0.1
69,6,0.0,56.666667,0.0,0.09
69,4,0.0,106.66667,0.0,0.05
91,12,0.0,56.0,0.0,0.31
113,1,0.0,15.5,0.0,1.37
113,12,0.0,120.5,0.0,1.85
113,11,0.0,12.5,0.0,1.46
113,10,0.0,6.5,0.0,1.43
113,9,0.0,10.5,0.0,1.59
113,8,0.0,11.5,0.0,1.59
113,7,0.0,17.5,0.0,2.95
113,6,0.0,12.5,0.0,4.05
113,5,0.0,13.5,0.0,1.65
113,4,0.0,7.5,0.0,1.83
113,3,0.0,8.5,0.0,1.8
113,2,0.0,18.5,0.0,1.44
108,12,0.0,80.666667,0.0,1.97
108,11,0.0,10.666667,0.0,1.91
108,10,0.0,8.6666667,0.0,2.05
108,9,0.0,12.666667,0.0,1.95
108,8,0.0,5.6666667,0.0,1.86
108,7,0.0,10.666667,0.0,3.89
108,6,0.0,11.666667,0.0,2.69
108,5,0.0,12.666667,0.0,1.51
108,4,0.0,11.666667,0.0,2.09
108,3,0.0,11.666667,0.0,1.61
108,2,0.0,15.666667,0.0,1.56
108,1,0.0,3.6666667,0.0,2.05
95,12,0.0,25.333333,0.0,0.42
95,11,0.0,52.333333,0.0,0.37
95,10,0.0,55.333333,0.0,0.35
95,9,0.0,54.333333,0.0,0.37
94,1,0.0,55.583333,0.0,0.05
95,8,0.0,49.333333,0.0,0.37
95,7,0.0,43.333333,0.0,0.69
95,6,0.0,49.333333,0.0,0.66
95,5,0.0,48.333333,0.0,0.36
95,4,0.0,49.333333,0.0,0.3
95,3,0.0,48.333333,0.0,0.42
95,2,0.0,54.333333,0.0,0.43
95,1,0.0,51.333333,0.0,0.42
94,12,0.0,55.583333,0.0,0.04
94,11,0.0,72.583333,0.0,0.06
94,10,0.0,58.583333,0.0,0.05
94,9,0.0,66.583333,0.0,0.06
94,8,0.0,133.58333,0.0,0.06
94,7,0.0,37.583333,0.0,0.09
94,6,0.0,55.583333,0.0,0.1
94,5,0.0,127.58333,0.0,0.06
94,4,0.0,95.583333,0.0,0.05
94,3,0.0,51.583333,0.0,0.06
94,2,0.0,46.583333,0.0,0.06
104,12,0.0,95.416667,0.0,1.62
104,11,0.0,17.416667,0.0,1.58
104,10,0.0,11.416667,0.0,1.42
104,9,0.0,11.416667,0.0,1.73
104,8,0.0,5.4166667,0.0,1.75
104,7,0.0,13.416667,0.0,2.99
104,6,0.0,12.416667,0.0,3.36
104,5,0.0,13.416667,0.0,1.45
104,4,0.0,7.4166667,0.0,1.54
104,3,0.0,6.4166667,0.0,1.84
104,2,0.0,6.4166667,0.0,1.39
104,1,0.0,12.416667,0.0,1.42
100,12,0.0,41.75,0.0,0.05
100,11,0.0,74.75,0.0,0.05
100,10,0.0,55.75,0.0,0.05
100,9,0.0,117.75,0.0,0.05
100,8,0.0,58.75,0.0,0.05
100,7,0.0,59.75,0.0,0.09
100,6,0.0,125.75,0.0,0.12
100,5,0.0,124.75,0.0,0.04
100,4,0.0,100.75,0.0,0.06
100,3,0.0,99.75,0.0,0.05
100,2,0.0,56.75,0.0,0.06
100,1,0.0,53.75,0.0,0.05
21,7,0.0,71.666667,0.0,0.1
21,6,0.0,141.66667,0.0,0.09
21,5,0.0,91.666667,0.0,0.06
21,4,0.0,116.66667,0.0,0.04
21,3,0.0,42.666667,0.0,0.05
21,2,0.0,64.666667,0.0,0.06
21,1,0.0,153.66667,0.0,0.05
21,8,0.0,46.666667,0.0,0.05
21,9,0.0,136.66667,0.0,0.05
21,10,0.0,47.666667,0.0,0.06
21,11,0.0,80.666667,0.0,0.06
21,12,0.0,61.666667,0.0,0.05
19,12,0.0,82.416667,0.0,1.87
19,11,0.0,9.4166667,0.0,1.72
19,10,0.0,11.416667,0.0,2.17
19,9,0.0,8.4166667,0.0,1.71
19,8,0.0,18.416667,0.0,1.96
19,7,0.0,8.4166667,0.0,3.27
19,6,0.0,13.416667,0.0,3.55
19,5,0.0,9.4166667,0.0,1.95
19,4,0.0,10.416667,0.0,1.95
19,3,0.0,10.416667,0.0,1.76
19,2,0.0,8.4166667,0.0,1.66
19,1,0.0,9.4166667,0.0,1.86
29,2,0.0,12.916667,0.0,1.79
29,1,0.0,23.916667,0.0,1.45
29,3,0.0,7.9166667,0.0,1.63
29,4,0.0,7.9166667,0.0,1.76
29,5,0.0,10.916667,0.0,1.37
29,6,0.0,6.9166667,0.0,3.87
29,12,0.0,96.916667,0.0,1.78
29,11,0.0,10.916667,0.0,1.55
29,10,0.0,8.9166667,0.0,1.74
29,9,0.0,15.916667,0.0,1.44
29,8,0.0,8.9166667,0.0,1.52
29,7,0.0,9.9166667,0.0,3.81
15,12,0.0,93.666667,0.0,0.04
1,12,0.0,100.66667,0.0,0.06
1,11,0.0,138.66667,0.0,0.05
1,10,0.0,48.666667,0.0,0.05
1,9,0.0,143.66667,0.0,0.06
1,8,0.0,92.666667,0.0,0.04
1,7,0.0,83.666667,0.0,0.12
1,6,0.0,113.66667,0.0,0.12
1,5,0.0,49.666667,0.0,0.06
1,4,0.0,80.666667,0.0,0.06
1,3,0.0,37.666667,0.0,0.05
1,2,0.0,56.666667,0.0,0.06
1,1,0.0,78.666667,0.0,0.05
15,11,0.0,111.66667,0.0,0.05
15,10,0.0,56.666667,0.0,0.06
15,9,0.0,64.666667,0.0,0.06
15,8,0.0,52.666667,0.0,0.06
15,7,0.0,56.666667,0.0,0.11
15,6,0.0,93.666667,0.0,0.08
15,5,0.0,113.66667,0.0,0.06
15,4,0.0,47.666667,0.0,0.05
15,3,0.0,53.666667,0.0,0.05
15,2,0.0,48.666667,0.0,0.06
15,1,0.0,46.666667,0.0,0.05
11,12,0.0,38.416667,0.0,0.07
11,11,0.0,127.41667,0.0,0.08
11,10,0.0,97.416667,0.0,0.09
11,9,0.0,126.41667,0.0,0.09
11,8,0.0,101.41667,0.0,0.08
11,7,0.0,146.41667,0.0,0.16
11,6,0.0,62.416667,0.0,0.15
11,5,0.0,58.416667,0.0,0.1
11,4,0.0,83.416667,0.0,0.08
11,3,0.0,96.416667,0.0,0.09
11,2,0.0,53.416667,0.0,0.09
11,1,0.0,52.416667,0.0,0.1
48,3,0.0,52.166667,0.0,0.17
48,2,0.0,57.166667,0.0,0.19
48,1,0.0,51.166667,0.0,0.22
48,4,0.0,46.166667,0.0,0.17
48,5,0.0,49.166667,0.0,0.24
48,7,0.0,52.166667,0.0,0.45
48,12,0.0,56.166667,0.0,0.18
48,11,0.0,47.166667,0.0,0.18
48,10,0.0,56.166667,0.0,0.22
48,9,0.0,63.166667,0.0,0.2
48,8,0.0,69.166667,0.0,0.19
48,6,0.0,54.166667,0.0,0.4
55,10,0.0,137.0,0.0,0.04
55,9,0.0,115.0,0.0,0.06
55,8,0.0,66.0,0.0,0.06
55,7,0.0,42.0,0.0,0.12
55,6,0.0,51.0,0.0,0.09
55,5,0.0,68.0,0.0,0.06
55,4,0.0,96.0,0.0,0.06
55,3,0.0,99.0,0.0,0.05
55,2,0.0,40.0,0.0,0.06
55,1,0.0,46.0,0.0,0.06
55,11,0.0,34.0,0.0,0.05
55,12,0.0,36.0,0.0,0.05
36,9,0.0,12.333333,0.0,1.79
36,8,0.0,12.333333,0.0,1.34
36,7,0.0,11.333333,0.0,3.88
36,6,0.0,10.333333,0.0,3.26
36,5,0.0,13.333333,0.0,1.36
36,4,0.0,7.3333333,0.0,1.58
36,3,0.0,7.3333333,0.0,1.8
36,2,0.0,9.3333333,0.0,1.57
36,10,0.0,10.333333,0.0,1.75
36,1,0.0,10.333333,0.0,1.93
35,11,0.0,52.333333,0.0,0.08
35,10,0.0,136.33333,0.0,0.1
35,9,0.0,119.33333,0.0,0.08
35,8,0.0,129.33333,0.0,0.1
35,7,0.0,147.33333,0.0,0.15
35,6,0.0,67.333333,0.0,0.2
35,5,0.0,60.333333,0.0,0.1
35,4,0.0,51.333333,0.0,0.09
35,12,0.0,43.333333,0.0,0.07
36,11,0.0,12.333333,0.0,1.41
36,12,0.0,96.333333,0.0,1.38
35,3,0.0,60.333333,0.0,0.07
35,2,0.0,96.333333,0.0,0.09
35,1,0.0,67.333333,0.0,0.09
205,11,0.0,96.75,0.0,0.06
205,10,0.0,137.75,0.0,0.05
205,9,0.0,91.75,0.0,0.05
205,8,0.0,65.75,0.0,0.06
205,7,0.0,45.75,0.0,0.08
205,6,0.0,142.75,0.0,0.08
205,5,0.0,56.75,0.0,0.05
205,4,0.0,98.75,0.0,0.05
205,3,0.0,58.75,0.0,0.05
205,2,0.0,124.75,0.0,0.06
205,1,0.0,49.75,0.0,0.05
205,12,0.0,28.75,0.0,0.06
209,12,0.0,27.75,0.0,0.18
209,11,0.0,52.75,0.0,0.21
209,10,0.0,45.75,0.0,0.23
207,10,0.0,50.75,0.0,0.27
207,9,0.0,47.75,0.0,0.22
207,8,0.0,55.75,0.0,0.23
207,7,0.0,42.75,0.0,0.45
207,6,0.0,35.75,0.0,0.41
207,5,0.0,56.75,0.0,0.2
207,4,0.0,46.75,0.0,0.19
207,3,0.0,52.75,0.0,0.26
207,2,0.0,41.75,0.0,0.19
207,1,0.0,51.75,0.0,0.21
207,11,0.0,39.75,0.0,0.19
207,12,0.0,68.75,0.0,0.2
208,2,0.0,45.833333,0.0,0.05
209,9,0.0,60.75,0.0,0.18
209,8,0.0,52.75,0.0,0.2
209,7,0.0,47.75,0.0,0.39
209,6,0.0,54.75,0.0,0.49
209,5,0.0,51.75,0.0,0.23
209,4,0.0,58.75,0.0,0.24
209,3,0.0,51.75,0.0,0.24
209,2,0.0,53.75,0.0,0.19
209,1,0.0,49.75,0.0,0.24
208,12,0.0,54.833333,0.0,0.06
208,11,0.0,60.833333,0.0,0.05
208,10,0.0,150.83333,0.0,0.04
208,9,0.0,47.833333,0.0,0.04
208,8,0.0,93.833333,0.0,0.04
208,7,0.0,112.83333,0.0,0.09
208,6,0.0,121.83333,0.0,0.09
208,5,0.0,61.833333,0.0,0.05
208,4,0.0,65.833333,0.0,0.05
208,3,0.0,76.833333,0.0,0.04
208,1,0.0,46.833333,0.0,0.06
197,12,0.0,41.833333,0.0,0.04
197,11,0.0,99.833333,0.0,0.05
197,10,0.0,148.83333,0.0,0.05
197,9,0.0,59.833333,0.0,0.05
197,8,0.0,127.83333,0.0,0.04
197,7,0.0,63.833333,0.0,0.11
197,6,0.0,52.833333,0.0,0.09
197,5,0.0,99.833333,0.0,0.05
197,4,0.0,127.83333,0.0,0.05
197,3,0.0,82.833333,0.0,0.04
197,2,0.0,50.833333,0.0,0.05
197,1,0.0,128.83333,0.0,0.04
193,12,0.0,38.333333,0.0,0.05
193,11,0.0,53.333333,0.0,0.05
193,10,0.0,151.33333,0.0,0.06
193,9,0.0,55.333333,0.0,0.05
193,8,0.0,41.333333,0.0,0.05
193,7,0.0,55.333333,0.0,0.12
193,6,0.0,111.33333,0.0,0.12
193,5,0.0,55.333333,0.0,0.05
193,4,0.0,110.33333,0.0,0.05
193,3,0.0,77.333333,0.0,0.05
193,2,0.0,56.333333,0.0,0.05
193,1,0.0,62.333333,0.0,0.06
230,8,0.0,48.083333,0.0,0.32
230,7,0.0,57.083333,0.0,0.57
230,6,0.0,54.083333,0.0,0.65
230,5,0.0,57.083333,0.0,0.41
230,4,0.0,52.083333,0.0,0.42
230,3,0.0,45.083333,0.0,0.4
230,2,0.0,49.083333,0.0,0.39
230,1,0.0,42.083333,0.0,0.41
230,9,0.0,48.083333,0.0,0.43
230,10,0.0,47.083333,0.0,0.36
230,12,0.0,58.083333,0.0,0.34
231,12,0.0,107.91667,0.0,0.17
231,11,0.0,49.916667,0.0,0.19
231,10,0.0,65.916667,0.0,0.23
231,9,0.0,57.916667,0.0,0.23
231,8,0.0,45.916667,0.0,0.2
231,7,0.0,47.916667,0.0,0.35
231,6,0.0,35.916667,0.0,0.39
231,5,0.0,49.916667,0.0,0.21
231,4,0.0,48.916667,0.0,0.2
231,3,0.0,46.916667,0.0,0.25
231,2,0.0,49.916667,0.0,0.24
231,1,0.0,38.916667,0.0,0.25
230,11,0.0,51.083333,0.0,0.38
241,12,0.0,41.25,0.0,0.32
241,11,0.0,59.25,0.0,0.37
241,10,0.0,55.25,0.0,0.37
241,9,0.0,57.25,0.0,0.42
241,8,0.0,56.25,0.0,0.32
241,7,0.0,42.25,0.0,0.6
241,6,0.0,57.25,0.0,0.9
241,5,0.0,57.25,0.0,0.43
241,4,0.0,64.25,0.0,0.34
241,2,0.0,47.25,0.0,0.4
241,1,0.0,54.25,0.0,0.39
241,3,0.0,56.25,0.0,0.3
220,12,0.0,57.833333,0.0,0.08
220,11,0.0,84.833333,0.0,0.07
220,10,0.0,75.833333,0.0,0.08
220,9,0.0,110.83333,0.0,0.08
220,8,0.0,111.83333,0.0,0.07
220,7,0.0,57.833333,0.0,0.14
220,6,0.0,131.83333,0.0,0.14
220,5,0.0,54.833333,0.0,0.07
220,4,0.0,132.83333,0.0,0.08
220,3,0.0,58.833333,0.0,0.08
220,2,0.0,39.833333,0.0,0.07
220,1,0.0,110.83333,0.0,0.08
215,5,0.0,62.666667,0.0,0.05
215,4,0.0,85.666667,0.0,0.04
215,3,0.0,56.666667,0.0,0.05
215,2,0.0,128.66667,0.0,0.05
215,1,0.0,58.666667,0.0,0.06
215,6,0.0,58.666667,0.0,0.07
215,7,0.0,58.666667,0.0,0.08
215,9,0.0,80.666667,0.0,0.06
216,12,0.0,97.75,0.0,1.38
216,11,0.0,6.75,0.0,1.33
216,10,0.0,11.75,0.0,1.34
216,9,0.0,10.75,0.0,1.42
216,8,0.0,11.75,0.0,1.51
216,7,0.0,10.75,0.0,3.3
216,6,0.0,4.75,0.0,2.66
216,5,0.0,10.75,0.0,1.68
216,4,0.0,8.75,0.0,1.76
216,3,0.0,10.75,0.0,1.86
216,2,0.0,3.75,0.0,1.38
216,1,0.0,12.75,0.0,1.94
215,12,0.0,55.666667,0.0,0.04
215,11,0.0,101.66667,0.0,0.06
215,10,0.0,108.66667,0.0,0.05
215,8,0.0,49.666667,0.0,0.06
141,12,0.0,68.416667,0.0,1.7
141,11,0.0,12.416667,0.0,1.88
141,10,0.0,9.4166667,0.0,1.59
141,9,0.0,10.416667,0.0,1.74
145,1,0.0,43.833333,0.0,0.25
141,8,0.0,9.4166667,0.0,1.91
141,7,0.0,9.4166667,0.0,3.17
141,6,0.0,13.416667,0.0,3.21
141,5,0.0,9.4166667,0.0,2.18
145,2,0.0,46.833333,0.0,0.19
141,4,0.0,9.4166667,0.0,1.91
141,3,0.0,13.416667,0.0,2.02
141,2,0.0,10.416667,0.0,1.62
141,1,0.0,11.416667,0.0,1.72
145,3,0.0,58.833333,0.0,0.21
145,5,0.0,56.833333,0.0,0.26
150,9,0.0,12.75,0.0,1.62
150,8,0.0,12.75,0.0,1.95
150,7,0.0,11.75,0.0,2.98
150,6,0.0,10.75,0.0,3.6
150,5,0.0,12.75,0.0,1.67
150,4,0.0,13.75,0.0,1.51
150,3,0.0,13.75,0.0,1.8
150,2,0.0,11.75,0.0,1.62
150,10,0.0,13.75,0.0,1.73
150,1,0.0,11.75,0.0,1.71
149,11,0.0,13.0,0.0,1.93
149,10,0.0,21.0,0.0,1.54
149,9,0.0,12.0,0.0,1.52
149,8,0.0,12.0,0.0,1.69
149,7,0.0,12.0,0.0,3.71
149,6,0.0,12.0,0.0,2.89
149,5,0.0,11.0,0.0,2.12
149,4,0.0,10.0,0.0,1.67
149,12,0.0,12.0,0.0,1.55
150,11,0.0,11.75,0.0,1.88
150,12,0.0,19.75,0.0,2.0
152,8,0.0,55.5,0.0,0.05
152,7,0.0,29.5,0.0,0.09
152,6,0.0,109.5,0.0,0.08
152,5,0.0,49.5,0.0,0.04
152,4,0.0,67.5,0.0,0.04
152,3,0.0,38.5,0.0,0.06
152,2,0.0,65.5,0.0,0.04
152,1,0.0,57.5,0.0,0.06
149,3,0.0,13.0,0.0,1.72
149,2,0.0,12.0,0.0,1.66
149,1,0.0,12.0,0.0,1.77
145,12,0.0,100.83333,0.0,0.24
145,11,0.0,55.833333,0.0,0.19
145,10,0.0,51.833333,0.0,0.19
145,9,0.0,54.833333,0.0,0.21
145,8,0.0,55.833333,0.0,0.25
145,7,0.0,48.833333,0.0,0.45
145,6,0.0,50.833333,0.0,0.47
147,1,0.0,58.833333,0.0,0.34
145,4,0.0,54.833333,0.0,0.26
147,2,0.0,31.833333,0.0,0.3
147,4,0.0,41.833333,0.0,0.39
147,12,0.0,229.83333,0.0,0.41
147,11,0.0,47.833333,0.0,0.44
147,10,0.0,31.833333,0.0,0.34
147,9,0.0,54.833333,0.0,0.36
147,8,0.0,58.833333,0.0,0.32
147,7,0.0,39.833333,0.0,0.62
147,6,0.0,47.833333,0.0,0.58
147,5,0.0,29.833333,0.0,0.36
147,3,0.0,35.833333,0.0,0.42
129,10,0.0,12.25,0.0,1.48
129,9,0.0,7.25,0.0,1.8
129,8,0.0,12.25,0.0,1.47
129,7,0.0,10.25,0.0,2.81
129,6,0.0,12.25,0.0,2.93
129,5,0.0,11.25,0.0,1.89
129,4,0.0,16.25,0.0,1.68
129,3,0.0,10.25,0.0,1.47
129,2,0.0,12.25,0.0,1.7
129,1,0.0,14.25,0.0,1.63
129,11,0.0,12.25,0.0,1.37
129,12,0.0,102.25,0.0,1.47
135,7,0.0,51.916667,0.0,0.65
135,6,0.0,50.916667,0.0,0.66
135,5,0.0,50.916667,0.0,0.34
135,4,0.0,49.916667,0.0,0.43
135,3,0.0,57.916667,0.0,0.42
135,2,0.0,53.916667,0.0,0.39
135,1,0.0,53.916667,0.0,0.35
135,8,0.0,45.916667,0.0,0.33
133,12,0.0,83.833333,0.0,0.19
135,9,0.0,56.916667,0.0,0.3
135,11,0.0,51.916667,0.0,0.42
136,12,0.0,144.66667,0.0,1.86
136,11,0.0,12.666667,0.0,1.79
136,10,0.0,10.666667,0.0,1.32
136,9,0.0,7.6666667,0.0,1.63
136,8,0.0,10.666667,0.0,1.58
136,7,0.0,12.666667,0.0,3.27
136,6,0.0,11.666667,0.0,3.63
136,5,0.0,9.6666667,0.0,1.41
136,4,0.0,13.666667,0.0,1.61
136,3,0.0,6.6666667,0.0,1.61
136,2,0.0,7.6666667,0.0,1.51
136,1,0.0,18.666667,0.0,1.64
135,12,0.0,44.916667,0.0,0.33
135,10,0.0,49.916667,0.0,0.39
152,9,0.0,137.5,0.0,0.05
133,11,0.0,54.833333,0.0,0.2
133,9,0.0,56.833333,0.0,0.21
133,10,0.0,46.833333,0.0,0.23
133,8,0.0,54.833333,0.0,0.19
133,7,0.0,48.833333,0.0,0.39
133,6,0.0,57.833333,0.0,0.4
133,5,0.0,56.833333,0.0,0.19
133,4,0.0,43.833333,0.0,0.21
133,3,0.0,50.833333,0.0,0.18
133,2,0.0,50.833333,0.0,0.22
133,1,0.0,46.833333,0.0,0.23
152,10,0.0,86.5,0.0,0.06
152,12,0.0,68.5,0.0,0.04
168,12,0.0,122.83333,0.0,0.06
168,11,0.0,102.83333,0.0,0.05
168,10,0.0,59.833333,0.0,0.04
168,9,0.0,51.833333,0.0,0.05
168,8,0.0,51.833333,0.0,0.06
168,7,0.0,71.833333,0.0,0.08
168,6,0.0,69.833333,0.0,0.1
168,5,0.0,45.833333,0.0,0.05
168,4,0.0,98.833333,0.0,0.06
168,3,0.0,39.833333,0.0,0.06
176,12,0.0,43.583333,0.0,0.2
176,11,0.0,54.583333,0.0,0.24
176,10,0.0,56.583333,0.0,0.21
176,9,0.0,57.583333,0.0,0.26
176,8,0.0,53.583333,0.0,0.19
176,7,0.0,49.583333,0.0,0.5
176,6,0.0,56.583333,0.0,0.49
176,5,0.0,52.583333,0.0,0.24
176,4,0.0,56.583333,0.0,0.24
176,3,0.0,55.583333,0.0,0.19
176,2,0.0,48.583333,0.0,0.26
176,1,0.0,42.583333,0.0,0.21
168,2,0.0,47.833333,0.0,0.05
168,1,0.0,47.833333,0.0,0.06
167,12,0.0,143.91667,0.0,0.26
155,12,0.0,98.75,0.0,0.21
155,11,0.0,55.75,0.0,0.23
155,10,0.0,47.75,0.0,0.19
155,9,0.0,58.75,0.0,0.25
155,8,0.0,42.75,0.0,0.21
155,7,0.0,40.75,0.0,0.36
155,6,0.0,41.75,0.0,0.36
155,5,0.0,34.75,0.0,0.22
155,4,0.0,51.75,0.0,0.22
155,3,0.0,40.75,0.0,0.22
155,2,0.0,42.75,0.0,0.18
155,1,0.0,39.75,0.0,0.2
165,12,0.0,82.166667,0.0,0.18
165,11,0.0,52.166667,0.0,0.22
165,10,0.0,48.166667,0.0,0.21
165,9,0.0,53.166667,0.0,0.23
165,8,0.0,52.166667,0.0,0.24
165,7,0.0,54.166667,0.0,0.32
165,6,0.0,48.166667,0.0,0.51
165,5,0.0,46.166667,0.0,0.18
165,4,0.0,56.166667,0.0,0.2
165,3,0.0,52.166667,0.0,0.21
165,2,0.0,53.166667,0.0,0.19
165,1,0.0,44.166667,0.0,0.2
167,11,0.0,51.916667,0.0,0.21
167,10,0.0,42.916667,0.0,0.19
167,9,0.0,53.916667,0.0,0.24
167,8,0.0,54.916667,0.0,0.25
167,7,0.0,55.916667,0.0,0.41
167,6,0.0,27.916667,0.0,0.36
167,5,0.0,40.916667,0.0,0.24
167,4,0.0,54.916667,0.0,0.23
167,3,0.0,46.916667,0.0,0.2
167,2,0.0,48.916667,0.0,0.2
167,1,0.0,56.916667,0.0,0.21
152,11,0.0,55.5,0.0,0.05
162,2,0.0,48.75,0.0,0.04
162,1,0.0,54.75,0.0,0.04
162,3,0.0,55.75,0.0,0.05
162,4,0.0,121.75,0.0,0.05
162,6,0.0,54.75,0.0,0.1
162,12,0.0,40.75,0.0,0.06
162,11,0.0,54.75,0.0,0.06
162,10,0.0,52.75,0.0,0.04
162,9,0.0,50.75,0.0,0.05
162,8,0.0,100.75,0.0,0.06
162,7,0.0,133.75,0.0,0.12
162,5,0.0,54.75,0.0,0.05
810,12,0.0,12.416667,0.0,1.65
810,11,0.0,7.4166667,0.0,1.76
810,10,0.0,11.416667,0.0,2.11
810,9,0.0,13.416667,0.0,2.09
810,8,0.0,19.416667,0.0,1.54
810,7,0.0,13.416667,0.0,3.25
810,6,0.0,11.416667,0.0,2.61
810,5,0.0,13.416667,0.0,2.16
810,4,0.0,12.416667,0.0,2.11
810,3,0.0,8.4166667,0.0,1.82
810,2,0.0,12.416667,0.0,1.98
810,1,0.0,11.416667,0.0,1.58
819,9,0.0,57.25,0.0,0.33
819,8,0.0,71.25,0.0,0.31
819,7,0.0,43.25,0.0,0.85
819,6,0.0,53.25,0.0,0.55
819,5,0.0,55.25,0.0,0.36
819,4,0.0,52.25,0.0,0.39
819,3,0.0,54.25,0.0,0.37
819,2,0.0,51.25,0.0,0.32
819,10,0.0,49.25,0.0,0.32
819,1,0.0,40.25,0.0,0.34
819,11,0.0,55.25,0.0,0.4
819,12,0.0,65.25,0.0,0.3
815,12,0.0,101.75,0.0,0.21
815,11,0.0,56.75,0.0,0.23
815,10,0.0,51.75,0.0,0.22
815,9,0.0,51.75,0.0,0.2
815,8,0.0,36.75,0.0,0.22
815,7,0.0,57.75,0.0,0.4
815,6,0.0,47.75,0.0,0.5
815,5,0.0,57.75,0.0,0.17
815,4,0.0,51.75,0.0,0.18
815,3,0.0,29.75,0.0,0.25
815,2,0.0,45.75,0.0,0.21
815,1,0.0,51.75,0.0,0.21
794,12,0.0,125.08333,0.0,0.18
794,11,0.0,40.083333,0.0,0.24
794,10,0.0,55.083333,0.0,0.2
794,9,0.0,56.083333,0.0,0.25
794,8,0.0,53.083333,0.0,0.21
794,7,0.0,47.083333,0.0,0.44
794,6,0.0,39.083333,0.0,0.36
794,5,0.0,46.083333,0.0,0.21
794,4,0.0,53.083333,0.0,0.21
794,3,0.0,50.083333,0.0,0.23
794,2,0.0,36.083333,0.0,0.24
794,1,0.0,44.083333,0.0,0.19
803,12,0.0,108.58333,0.0,0.24
803,11,0.0,48.583333,0.0,0.18
803,9,0.0,57.583333,0.0,0.22
803,8,0.0,53.583333,0.0,0.17
803,7,0.0,46.583333,0.0,0.42
803,6,0.0,56.583333,0.0,0.41
803,5,0.0,58.583333,0.0,0.21
803,4,0.0,54.583333,0.0,0.18
803,3,0.0,45.583333,0.0,0.19
803,2,0.0,54.583333,0.0,0.18
803,10,0.0,48.583333,0.0,0.22
803,1,0.0,57.583333,0.0,0.18
843,12,0.0,36.416667,0.0,0.26
843,11,0.0,63.416667,0.0,0.24
843,10,0.0,57.416667,0.0,0.19
843,9,0.0,54.416667,0.0,0.25
843,8,0.0,58.416667,0.0,0.25
843,7,0.0,58.416667,0.0,0.35
843,6,0.0,53.416667,0.0,0.46
843,5,0.0,57.416667,0.0,0.19
843,4,0.0,57.416667,0.0,0.19
843,3,0.0,51.416667,0.0,0.22
843,2,0.0,50.416667,0.0,0.21
843,1,0.0,54.416667,0.0,0.24
840,12,0.0,48.416667,0.0,0.06
840,11,0.0,57.416667,0.0,0.05
840,10,0.0,123.41667,0.0,0.05
840,9,0.0,51.416667,0.0,0.06
840,8,0.0,58.416667,0.0,0.05
840,7,0.0,85.416667,0.0,0.08
840,6,0.0,58.416667,0.0,0.11
840,5,0.0,50.416667,0.0,0.04
840,4,0.0,56.416667,0.0,0.06
840,3,0.0,58.416667,0.0,0.06
840,2,0.0,55.416667,0.0,0.05
840,1,0.0,44.416667,0.0,0.05
849,12,0.0,33.666667,0.0,0.06
849,11,0.0,52.666667,0.0,0.05
849,10,0.0,91.666667,0.0,0.06
849,9,0.0,55.666667,0.0,0.06
849,8,0.0,62.666667,0.0,0.05
849,7,0.0,133.66667,0.0,0.11
849,6,0.0,44.666667,0.0,0.11
849,4,0.0,91.666667,0.0,0.04
849,3,0.0,54.666667,0.0,0.06
849,2,0.0,103.66667,0.0,0.04
849,1,0.0,75.666667,0.0,0.06
848,12,0.0,53.5,0.0,0.27
848,11,0.0,60.5,0.0,0.24
848,10,0.0,47.5,0.0,0.23
848,9,0.0,51.5,0.0,0.23
849,5,0.0,59.666667,0.0,0.06
848,8,0.0,56.5,0.0,0.22
848,7,0.0,55.5,0.0,0.41
848,6,0.0,42.5,0.0,0.42
848,5,0.0,49.5,0.0,0.27
848,4,0.0,55.5,0.0,0.25
848,3,0.0,55.5,0.0,0.23
848,2,0.0,37.5,0.0,0.27
848,1,0.0,54.5,0.0,0.23
835,1,0.0,55.083333,0.0,0.25
835,2,0.0,44.083333,0.0,0.23
835,4,0.0,51.083333,0.0,0.22
835,12,0.0,93.083333,0.0,0.25
835,11,0.0,54.083333,0.0,0.27
835,10,0.0,51.083333,0.0,0.23
835,9,0.0,49.083333,0.0,0.2
835,8,0.0,47.083333,0.0,0.22
835,7,0.0,42.083333,0.0,0.41
835,6,0.0,47.083333,0.0,0.38
835,5,0.0,57.083333,0.0,0.21
835,3,0.0,48.083333,0.0,0.22
832,12,0.0,33.833333,0.0,0.05
832,11,0.0,82.833333,0.0,0.06
832,10,0.0,44.833333,0.0,0.05
832,9,0.0,65.833333,0.0,0.05
832,8,0.0,139.83333,0.0,0.04
832,7,0.0,88.833333,0.0,0.11
832,6,0.0,89.833333,0.0,0.11
832,5,0.0,89.833333,0.0,0.05
832,4,0.0,55.833333,0.0,0.05
832,3,0.0,39.833333,0.0,0.06
832,2,0.0,57.833333,0.0,0.06
832,1,0.0,65.833333,0.0,0.06
753,4,0.0,58.583333,0.0,0.12
753,3,0.0,81.583333,0.0,0.12
753,2,0.0,79.583333,0.0,0.09
753,1,0.0,29.583333,0.0,0.11
752,12,0.0,51.75,0.0,0.05
752,11,0.0,102.75,0.0,0.06
752,10,0.0,46.75,0.0,0.05
752,9,0.0,80.75,0.0,0.06
752,8,0.0,50.75,0.0,0.04
752,7,0.0,109.75,0.0,0.11
752,6,0.0,134.75,0.0,0.09
752,5,0.0,68.75,0.0,0.05
752,4,0.0,120.75,0.0,0.06
752,3,0.0,88.75,0.0,0.06
752,2,0.0,53.75,0.0,0.05
752,1,0.0,53.75,0.0,0.05
753,5,0.0,48.583333,0.0,0.09
753,6,0.0,138.58333,0.0,0.18
753,8,0.0,148.58333,0.0,0.09
758,12,0.0,33.5,0.0,0.07
758,11,0.0,61.5,0.0,0.09
758,10,0.0,54.5,0.0,0.09
758,9,0.0,66.5,0.0,0.07
758,8,0.0,162.5,0.0,0.08
758,7,0.0,54.5,0.0,0.13
758,6,0.0,56.5,0.0,0.14
758,5,0.0,57.5,0.0,0.09
758,4,0.0,142.5,0.0,0.08
758,2,0.0,54.5,0.0,0.08
758,1,0.0,98.5,0.0,0.09
758,3,0.0,76.5,0.0,0.09
760,11,0.0,62.083333,0.0,0.4
760,10,0.0,56.083333,0.0,0.36
760,9,0.0,50.083333,0.0,0.4
760,8,0.0,50.083333,0.0,0.33
760,7,0.0,43.083333,0.0,0.68
760,6,0.0,51.083333,0.0,0.64
760,5,0.0,56.083333,0.0,0.32
760,4,0.0,38.083333,0.0,0.34
760,3,0.0,51.083333,0.0,0.36
760,2,0.0,49.083333,0.0,0.3
760,1,0.0,42.083333,0.0,0.31
755,3,0.0,47.583333,0.0,0.05
755,2,0.0,119.58333,0.0,0.06
755,1,0.0,50.583333,0.0,0.05
753,12,0.0,34.583333,0.0,0.12
753,11,0.0,46.583333,0.0,0.09
753,10,0.0,85.583333,0.0,0.12
753,9,0.0,121.58333,0.0,0.12
755,4,0.0,115.58333,0.0,0.05
753,7,0.0,87.583333,0.0,0.16
755,5,0.0,52.583333,0.0,0.06
755,7,0.0,93.583333,0.0,0.12
755,12,0.0,56.583333,0.0,0.05
755,11,0.0,55.583333,0.0,0.05
755,10,0.0,128.58333,0.0,0.06
755,9,0.0,130.58333,0.0,0.04
755,8,0.0,130.58333,0.0,0.06
755,6,0.0,39.583333,0.0,0.1
736,2,0.0,15.333333,0.0,1.85
736,1,0.0,11.333333,0.0,1.52
736,3,0.0,6.3333333,0.0,1.97
736,4,0.0,9.3333333,0.0,2.06
736,5,0.0,11.333333,0.0,1.75
736,6,0.0,8.3333333,0.0,3.27
736,12,0.0,80.333333,0.0,1.73
736,11,0.0,12.333333,0.0,1.98
736,10,0.0,10.333333,0.0,2.13
736,9,0.0,9.3333333,0.0,1.56
736,8,0.0,8.3333333,0.0,1.6
736,7,0.0,5.3333333,0.0,4.34
733,12,0.0,49.583333,0.0,0.4
733,11,0.0,54.583333,0.0,0.43
733,10,0.0,50.583333,0.0,0.35
733,9,0.0,56.583333,0.0,0.33
733,8,0.0,49.583333,0.0,0.37
733,7,0.0,45.583333,0.0,0.79
733,6,0.0,45.583333,0.0,0.76
733,5,0.0,55.583333,0.0,0.41
733,4,0.0,55.583333,0.0,0.41
733,3,0.0,55.583333,0.0,0.37
733,2,0.0,45.583333,0.0,0.33
733,1,0.0,49.583333,0.0,0.39
760,12,0.0,54.083333,0.0,0.32
782,1,0.0,56.666667,0.0,0.4
782,2,0.0,49.666667,0.0,0.36
782,12,0.0,48.666667,0.0,0.31
782,11,0.0,55.666667,0.0,0.4
782,10,0.0,60.666667,0.0,0.33
782,9,0.0,56.666667,0.0,0.42
782,8,0.0,56.666667,0.0,0.37
782,7,0.0,57.666667,0.0,0.55
782,6,0.0,64.666667,0.0,0.64
782,5,0.0,55.666667,0.0,0.31
782,4,0.0,50.666667,0.0,0.32
782,3,0.0,53.666667,0.0,0.35
787,12,0.0,46.5,0.0,0.05
787,11,0.0,58.5,0.0,0.05
787,10,0.0,92.5,0.0,0.05
787,9,0.0,49.5,0.0,0.06
787,8,0.0,131.5,0.0,0.05
785,8,0.0,57.0,0.0,0.23
785,7,0.0,55.0,0.0,0.35
785,6,0.0,64.0,0.0,0.37
785,5,0.0,52.0,0.0,0.22
785,4,0.0,54.0,0.0,0.24
785,3,0.0,47.0,0.0,0.21
785,2,0.0,46.0,0.0,0.25
785,1,0.0,57.0,0.0,0.23
785,9,0.0,57.0,0.0,0.26
785,10,0.0,42.0,0.0,0.23
785,12,0.0,36.0,0.0,0.27
787,7,0.0,67.5,0.0,0.09
787,6,0.0,135.5,0.0,0.1
787,5,0.0,89.5,0.0,0.04
787,4,0.0,94.5,0.0,0.05
787,3,0.0,53.5,0.0,0.06
787,2,0.0,53.5,0.0,0.05
787,1,0.0,94.5,0.0,0.05
786,12,0.0,52.666667,0.0,0.05
786,11,0.0,58.666667,0.0,0.05
786,10,0.0,57.666667,0.0,0.05
786,9,0.0,134.66667,0.0,0.06
786,8,0.0,131.66667,0.0,0.06
786,7,0.0,82.666667,0.0,0.1
786,6,0.0,56.666667,0.0,0.11
786,5,0.0,118.66667,0.0,0.05
786,4,0.0,56.666667,0.0,0.04
786,3,0.0,49.666667,0.0,0.06
786,2,0.0,54.666667,0.0,0.06
786,1,0.0,53.666667,0.0,0.06
785,11,0.0,55.0,0.0,0.26
765,12,0.0,91.333333,0.0,2.19
765,11,0.0,11.333333,0.0,1.96
765,9,0.0,7.3333333,0.0,1.74
765,8,0.0,9.3333333,0.0,2.1
765,7,0.0,11.333333,0.0,3.38
765,6,0.0,16.333333,0.0,2.93
765,5,0.0,12.333333,0.0,1.98
765,4,0.0,8.3333333,0.0,1.84
765,3,0.0,8.3333333,0.0,1.59
765,2,0.0,20.333333,0.0,1.63
765,10,0.0,12.333333,0.0,2.12
765,1,0.0,5.3333333,0.0,1.99
762,10,0.0,41.25,0.0,0.34
762,9,0.0,52.25,0.0,0.36
762,8,0.0,52.25,0.0,0.31
762,7,0.0,47.25,0.0,0.75
762,6,0.0,55.25,0.0,0.68
762,5,0.0,54.25,0.0,0.3
762,4,0.0,53.25,0.0,0.33
762,3,0.0,45.25,0.0,0.42
762,2,0.0,56.25,0.0,0.43
762,1,0.0,54.25,0.0,0.41
762,11,0.0,54.25,0.0,0.32
762,12,0.0,78.25,0.0,0.35
773,12,0.0,36.5,0.0,0.1
773,11,0.0,100.5,0.0,0.08
773,10,0.0,100.5,0.0,0.09
773,9,0.0,140.5,0.0,0.08
773,8,0.0,133.5,0.0,0.07
773,7,0.0,108.5,0.0,0.14
773,6,0.0,50.5,0.0,0.13
773,5,0.0,137.5,0.0,0.08
773,4,0.0,56.5,0.0,0.08
773,3,0.0,73.5,0.0,0.08
773,2,0.0,47.5,0.0,0.07
773,1,0.0,51.5,0.0,0.07
772,12,0.0,99.833333,0.0,2.12
772,11,0.0,11.833333,0.0,2.01
772,10,0.0,11.833333,0.0,1.76
772,9,0.0,9.8333333,0.0,1.98
772,8,0.0,10.833333,0.0,1.93
772,7,0.0,8.8333333,0.0,3.51
772,5,0.0,11.833333,0.0,2.14
772,6,0.0,7.8333333,0.0,3.24
772,4,0.0,10.833333,0.0,1.8
772,3,0.0,14.833333,0.0,1.95
772,2,0.0,7.8333333,0.0,1.71
772,1,0.0,10.833333,0.0,1.61
771,12,0.0,123.91667,0.0,1.44
771,11,0.0,10.916667,0.0,1.91
771,10,0.0,5.9166667,0.0,1.46
771,9,0.0,11.916667,0.0,1.82
771,8,0.0,9.9166667,0.0,1.92
771,7,0.0,4.9166667,0.0,3.06
771,6,0.0,8.9166667,0.0,3.61
771,5,0.0,6.9166667,0.0,1.77
771,4,0.0,9.9166667,0.0,1.79
771,3,0.0,11.916667,0.0,1.86
771,2,0.0,13.916667,0.0,1.57
771,1,0.0,14.916667,0.0,1.76
929,12,0.0,85.416667,0.0,0.06
929,11,0.0,59.416667,0.0,0.04
929,10,0.0,91.416667,0.0,0.05
929,9,0.0,129.41667,0.0,0.06
929,8,0.0,72.416667,0.0,0.06
929,7,0.0,97.416667,0.0,0.1
929,6,0.0,98.416667,0.0,0.11
929,5,0.0,151.41667,0.0,0.06
929,4,0.0,45.416667,0.0,0.06
929,3,0.0,55.416667,0.0,0.05
929,2,0.0,38.416667,0.0,0.06
929,1,0.0,41.416667,0.0,0.05
928,12,0.0,56.583333,0.0,0.26
928,11,0.0,48.583333,0.0,0.24
928,10,0.0,55.583333,0.0,0.26
928,9,0.0,72.583333,0.0,0.2
928,8,0.0,55.583333,0.0,0.19
928,7,0.0,58.583333,0.0,0.42
928,6,0.0,51.583333,0.0,0.34
928,5,0.0,40.583333,0.0,0.25
928,4,0.0,51.583333,0.0,0.26
928,3,0.0,36.583333,0.0,0.23
915,2,0.0,46.75,0.0,0.25
915,12,0.0,66.75,0.0,0.23
915,11,0.0,54.75,0.0,0.23
915,10,0.0,55.75,0.0,0.18
915,9,0.0,49.75,0.0,0.23
915,8,0.0,53.75,0.0,0.24
915,7,0.0,56.75,0.0,0.32
915,6,0.0,52.75,0.0,0.38
915,5,0.0,51.75,0.0,0.2
915,4,0.0,47.75,0.0,0.19
915,3,0.0,50.75,0.0,0.22
915,1,0.0,55.75,0.0,0.21
928,2,0.0,58.583333,0.0,0.22
928,1,0.0,55.583333,0.0,0.22
927,12,0.0,25.166667,0.0,0.25
927,11,0.0,52.166667,0.0,0.21
927,10,0.0,50.166667,0.0,0.23
927,9,0.0,65.166667,0.0,0.27
927,8,0.0,69.166667,0.0,0.25
927,7,0.0,63.166667,0.0,0.55
927,6,0.0,56.166667,0.0,0.46
927,5,0.0,58.166667,0.0,0.24
927,4,0.0,56.166667,0.0,0.19
927,3,0.0,55.166667,0.0,0.22
927,2,0.0,57.166667,0.0,0.21
927,1,0.0,54.166667,0.0,0.23
964,3,0.0,10.0,0.0,1.6
964,2,0.0,16.0,0.0,1.99
964,1,0.0,12.0,0.0,1.97
963,12,0.0,77.916667,0.0,0.19
963,11,0.0,48.916667,0.0,0.24
963,10,0.0,40.916667,0.0,0.22
963,9,0.0,49.916667,0.0,0.22
963,8,0.0,58.916667,0.0,0.22
964,4,0.0,9.0,0.0,1.85
963,7,0.0,49.916667,0.0,0.44
963,5,0.0,51.916667,0.0,0.18
963,4,0.0,51.916667,0.0,0.18
963,3,0.0,55.916667,0.0,0.23
963,2,0.0,49.916667,0.0,0.22
963,1,0.0,44.916667,0.0,0.18
963,6,0.0,55.916667,0.0,0.43
964,5,0.0,7.0,0.0,1.68
964,6,0.0,10.0,0.0,3.57
964,7,0.0,23.0,0.0,2.93
966,2,0.0,70.833333,0.0,0.11
966,1,0.0,143.83333,0.0,0.12
964,12,0.0,99.0,0.0,2.16
964,11,0.0,13.0,0.0,1.67
964,10,0.0,12.0,0.0,1.73
964,9,0.0,11.0,0.0,1.77
964,8,0.0,11.0,0.0,1.82
958,12,0.0,50.583333,0.0,0.27
966,3,0.0,55.833333,0.0,0.09
958,11,0.0,51.583333,0.0,0.2
966,4,0.0,57.833333,0.0,0.1
966,6,0.0,56.833333,0.0,0.18
967,12,0.0,95.666667,0.0,1.32
967,11,0.0,13.666667,0.0,1.6
967,10,0.0,12.666667,0.0,1.4
967,9,0.0,6.6666667,0.0,1.66
967,8,0.0,9.6666667,0.0,1.67
967,7,0.0,8.6666667,0.0,2.71
967,6,0.0,11.666667,0.0,2.96
967,5,0.0,8.6666667,0.0,1.48
967,4,0.0,9.6666667,0.0,1.47
967,3,0.0,11.666667,0.0,1.5
967,2,0.0,15.666667,0.0,1.49
967,1,0.0,11.666667,0.0,1.38
966,12,0.0,27.833333,0.0,0.11
966,11,0.0,83.833333,0.0,0.11
966,10,0.0,57.833333,0.0,0.11
966,9,0.0,122.83333,0.0,0.1
966,8,0.0,123.83333,0.0,0.1
966,7,0.0,57.833333,0.0,0.18
966,5,0.0,162.83333,0.0,0.12
958,10,0.0,54.583333,0.0,0.22
958,9,0.0,61.583333,0.0,0.27
958,8,0.0,62.583333,0.0,0.24
950,11,0.0,9.6666667,0.0,2.01
950,10,0.0,8.6666667,0.0,1.79
950,9,0.0,12.666667,0.0,1.71
950,8,0.0,12.666667,0.0,2.04
950,7,0.0,5.6666667,0.0,4.06
950,6,0.0,7.6666667,0.0,3.6
950,5,0.0,17.666667,0.0,1.78
950,4,0.0,13.666667,0.0,1.7
950,3,0.0,11.666667,0.0,2.09
950,2,0.0,6.6666667,0.0,1.72
950,1,0.0,10.666667,0.0,1.91
950,12,0.0,104.66667,0.0,2.09
958,7,0.0,57.583333,0.0,0.34
958,6,0.0,53.583333,0.0,0.52
958,5,0.0,49.583333,0.0,0.2
958,4,0.0,52.583333,0.0,0.22
958,3,0.0,54.583333,0.0,0.23
958,2,0.0,50.583333,0.0,0.22
958,1,0.0,55.583333,0.0,0.25
954,12,0.0,30.583333,0.0,0.08
954,10,0.0,55.583333,0.0,0.11
952,10,0.0,45.833333,0.0,0.35
952,9,0.0,53.833333,0.0,0.4
952,8,0.0,57.833333,0.0,0.35
952,7,0.0,51.833333,0.0,0.54
952,6,0.0,53.833333,0.0,0.57
952,5,0.0,57.833333,0.0,0.37
952,4,0.0,50.833333,0.0,0.31
952,3,0.0,53.833333,0.0,0.39
952,2,0.0,52.833333,0.0,0.33
952,1,0.0,53.833333,0.0,0.32
952,11,0.0,50.833333,0.0,0.34
954,11,0.0,164.58333,0.0,0.11
952,12,0.0,40.833333,0.0,0.37
954,9,0.0,99.583333,0.0,0.08
954,8,0.0,123.58333,0.0,0.09
954,7,0.0,89.583333,0.0,0.2
954,6,0.0,130.58333,0.0,0.16
954,5,0.0,70.583333,0.0,0.09
954,4,0.0,125.58333,0.0,0.09
954,3,0.0,147.58333,0.0,0.1
954,2,0.0,87.583333,0.0,0.11
954,1,0.0,46.583333,0.0,0.09
871,12,0.0,97.333333,0.0,1.7
871,11,0.0,5.3333333,0.0,1.34
871,10,0.0,11.333333,0.0,1.38
871,9,0.0,7.3333333,0.0,1.51
871,8,0.0,11.333333,0.0,1.75
871,7,0.0,6.3333333,0.0,2.64
874,11,0.0,135.66667,0.0,0.08
874,10,0.0,52.666667,0.0,0.1
874,9,0.0,60.666667,0.0,0.07
874,8,0.0,68.666667,0.0,0.09
874,7,0.0,133.66667,0.0,0.18
874,6,0.0,49.666667,0.0,0.17
874,5,0.0,102.66667,0.0,0.08
874,4,0.0,125.66667,0.0,0.09
874,3,0.0,50.666667,0.0,0.09
874,2,0.0,85.666667,0.0,0.09
874,1,0.0,47.666667,0.0,0.09
871,6,0.0,10.333333,0.0,2.9
871,5,0.0,13.333333,0.0,1.86
871,4,0.0,9.3333333,0.0,1.92
871,3,0.0,17.333333,0.0,1.49
874,12,0.0,54.666667,0.0,0.09
871,2,0.0,10.333333,0.0,1.71
871,1,0.0,13.333333,0.0,1.48
880,7,0.0,105.66667,0.0,0.12
880,6,0.0,124.66667,0.0,0.1
880,5,0.0,85.666667,0.0,0.06
880,4,0.0,116.66667,0.0,0.06
880,3,0.0,91.666667,0.0,0.06
880,2,0.0,95.666667,0.0,0.06
880,1,0.0,44.666667,0.0,0.05
879,12,0.0,55.166667,0.0,1.65
880,8,0.0,59.666667,0.0,0.06
879,11,0.0,4.1666667,0.0,1.85
879,9,0.0,21.166667,0.0,1.95
879,8,0.0,8.1666667,0.0,2.16
879,7,0.0,7.1666667,0.0,3.48
879,6,0.0,10.166667,0.0,3.46
879,5,0.0,7.1666667,0.0,1.61
879,4,0.0,8.1666667,0.0,1.6
879,3,0.0,10.166667,0.0,1.63
879,2,0.0,8.1666667,0.0,1.82
879,10,0.0,13.166667,0.0,1.68
880,9,0.0,93.666667,0.0,0.05
880,10,0.0,101.66667,0.0,0.05
880,11,0.0,66.666667,0.0,0.06
880,12,0.0,40.666667,0.0,0.05
879,1,0.0,18.166667,0.0,1.92
857,9,0.0,50.666667,0.0,0.05
857,8,0.0,52.666667,0.0,0.04
857,7,0.0,58.666667,0.0,0.11
857,6,0.0,44.666667,0.0,0.09
857,5,0.0,63.666667,0.0,0.05
857,4,0.0,70.666667,0.0,0.04
857,3,0.0,108.66667,0.0,0.05
857,2,0.0,85.666667,0.0,0.05
857,10,0.0,120.66667,0.0,0.05
857,1,0.0,54.666667,0.0,0.05
857,11,0.0,70.666667,0.0,0.06
857,12,0.0,42.666667,0.0,0.04
854,1,0.0,13.416667,0.0,1.37
854,2,0.0,12.416667,0.0,1.66
854,4,0.0,11.416667,0.0,1.41
854,12,0.0,102.41667,0.0,1.71
854,11,0.0,12.416667,0.0,1.84
854,10,0.0,21.416667,0.0,1.59
854,9,0.0,12.416667,0.0,1.83
854,8,0.0,11.416667,0.0,1.94
854,7,0.0,16.416667,0.0,3.03
854,6,0.0,11.416667,0.0,3.01
854,5,0.0,8.4166667,0.0,1.52
854,3,0.0,22.416667,0.0,1.8
864,12,0.0,59.166667,0.0,1.74
864,11,0.0,10.166667,0.0,1.68
864,10,0.0,8.1666667,0.0,2.19
864,9,0.0,12.166667,0.0,1.65
864,8,0.0,13.166667,0.0,2.07
864,7,0.0,9.1666667,0.0,4.13
864,6,0.0,12.166667,0.0,4.26
864,5,0.0,9.1666667,0.0,2.1
864,4,0.0,13.166667,0.0,2.12
864,3,0.0,10.166667,0.0,1.94
864,2,0.0,9.1666667,0.0,1.52
864,1,0.0,8.1666667,0.0,2.02
911,1,0.0,10.416667,0.0,1.98
911,2,0.0,6.4166667,0.0,1.61
911,3,0.0,12.416667,0.0,1.72
911,4,0.0,13.416667,0.0,1.61
911,12,0.0,3.4166667,0.0,1.88
911,11,0.0,13.416667,0.0,2.15
911,10,0.0,22.416667,0.0,2.11
911,9,0.0,24.416667,0.0,1.62
911,8,0.0,12.416667,0.0,2.13
911,7,0.0,19.416667,0.0,4.28
911,6,0.0,18.416667,0.0,3.49
911,5,0.0,12.416667,0.0,1.63
889,12,0.0,30.916667,0.0,0.19
889,11,0.0,54.916667,0.0,0.21
889,10,0.0,52.916667,0.0,0.2
889,9,0.0,57.916667,0.0,0.22
889,8,0.0,57.916667,0.0,0.23
889,7,0.0,48.916667,0.0,0.5
889,6,0.0,63.916667,0.0,0.5
889,5,0.0,55.916667,0.0,0.25
889,4,0.0,44.916667,0.0,0.22
889,3,0.0,53.916667,0.0,0.26
889,2,0.0,54.916667,0.0,0.23
889,1,0.0,54.916667,0.0,0.27
891,12,0.0,47.416667,0.0,0.06
891,11,0.0,115.41667,0.0,0.06
891,10,0.0,111.41667,0.0,0.05
891,9,0.0,112.41667,0.0,0.05
891,8,0.0,100.41667,0.0,0.05
891,7,0.0,54.416667,0.0,0.08
891,6,0.0,81.416667,0.0,0.12
891,5,0.0,94.416667,0.0,0.04
891,4,0.0,41.416667,0.0,0.04
891,3,0.0,28.416667,0.0,0.05
891,2,0.0,43.416667,0.0,0.04
891,1,0.0,126.41667,0.0,0.05
570,10,0.0,109.41667,0.0,0.06
570,9,0.0,70.416667,0.0,0.06
570,8,0.0,72.416667,0.0,0.05
570,7,0.0,121.41667,0.0,0.11
570,6,0.0,54.416667,0.0,0.1
570,5,0.0,96.416667,0.0,0.06
570,4,0.0,88.416667,0.0,0.05
570,3,0.0,49.416667,0.0,0.05
570,2,0.0,50.416667,0.0,0.06
570,1,0.0,60.416667,0.0,0.06
563,12,0.0,50.25,0.0,2.19
563,11,0.0,12.25,0.0,1.9
563,10,0.0,12.25,0.0,2.17
563,9,0.0,10.25,0.0,1.95
563,8,0.0,5.25,0.0,2.12
570,11,0.0,120.41667,0.0,0.06
563,7,0.0,12.25,0.0,2.78
570,12,0.0,51.416667,0.0,0.06
563,6,0.0,9.25,0.0,3.69
563,4,0.0,16.25,0.0,1.92
553,9,0.0,47.416667,0.0,0.18
553,8,0.0,55.416667,0.0,0.18
553,7,0.0,53.416667,0.0,0.37
553,6,0.0,42.416667,0.0,0.46
553,5,0.0,50.416667,0.0,0.22
553,4,0.0,56.416667,0.0,0.21
553,3,0.0,40.416667,0.0,0.24
553,2,0.0,51.416667,0.0,0.23
553,10,0.0,38.416667,0.0,0.22
553,1,0.0,47.416667,0.0,0.22
553,11,0.0,54.416667,0.0,0.24
553,12,0.0,118.41667,0.0,0.23
550,1,0.0,12.25,0.0,2.15
550,2,0.0,11.25,0.0,1.6
550,4,0.0,11.25,0.0,1.91
550,12,0.0,7.25,0.0,1.95
550,11,0.0,19.25,0.0,2.11
550,10,0.0,13.25,0.0,1.49
550,9,0.0,11.25,0.0,1.52
550,8,0.0,29.25,0.0,2.1
550,7,0.0,13.25,0.0,3.93
550,6,0.0,13.25,0.0,4.32
550,5,0.0,11.25,0.0,1.76
550,3,0.0,12.25,0.0,2.0
563,5,0.0,14.25,0.0,2.1
563,3,0.0,9.25,0.0,1.62
563,2,0.0,12.25,0.0,1.98
563,1,0.0,8.25,0.0,1.83
600,12,0.0,38.833333,0.0,0.26
600,11,0.0,46.833333,0.0,0.22
600,10,0.0,68.833333,0.0,0.25
600,9,0.0,55.833333,0.0,0.21
600,8,0.0,55.833333,0.0,0.24
600,7,0.0,52.833333,0.0,0.38
600,6,0.0,47.833333,0.0,0.43
600,5,0.0,56.833333,0.0,0.19
600,4,0.0,54.833333,0.0,0.21
600,3,0.0,54.833333,0.0,0.21
600,2,0.0,57.833333,0.0,0.21
600,1,0.0,42.833333,0.0,0.27
594,12,0.0,76.166667,0.0,0.04
594,11,0.0,62.166667,0.0,0.05
594,10,0.0,55.166667,0.0,0.04
594,9,0.0,66.166667,0.0,0.06
594,8,0.0,43.166667,0.0,0.06
594,7,0.0,105.16667,0.0,0.1
594,6,0.0,102.16667,0.0,0.1
594,5,0.0,54.166667,0.0,0.06
594,4,0.0,50.166667,0.0,0.05
594,3,0.0,79.166667,0.0,0.06
594,2,0.0,44.166667,0.0,0.05
594,1,0.0,84.166667,0.0,0.05
608,10,0.0,48.833333,0.0,0.11
608,9,0.0,52.833333,0.0,0.12
608,8,0.0,104.83333,0.0,0.1
608,7,0.0,99.833333,0.0,0.16
608,6,0.0,58.833333,0.0,0.21
608,5,0.0,137.83333,0.0,0.1
608,4,0.0,66.833333,0.0,0.09
608,3,0.0,111.83333,0.0,0.09
608,2,0.0,36.833333,0.0,0.11
608,1,0.0,37.833333,0.0,0.09
586,1,0.0,41.833333,0.0,0.36
581,12,0.0,48.083333,0.0,0.07
581,11,0.0,127.08333,0.0,0.07
581,10,0.0,113.08333,0.0,0.08
581,9,0.0,56.083333,0.0,0.08
581,8,0.0,57.083333,0.0,0.07
581,7,0.0,121.08333,0.0,0.17
581,6,0.0,111.08333,0.0,0.18
581,5,0.0,127.08333,0.0,0.09
581,4,0.0,144.08333,0.0,0.07
581,3,0.0,32.083333,0.0,0.08
581,2,0.0,48.083333,0.0,0.07
581,1,0.0,108.08333,0.0,0.09
586,2,0.0,45.833333,0.0,0.42
586,3,0.0,45.833333,0.0,0.31
586,4,0.0,41.833333,0.0,0.43
591,9,0.0,7.5833333,0.0,1.32
591,8,0.0,7.5833333,0.0,1.41
591,7,0.0,10.583333,0.0,3.27
591,6,0.0,10.583333,0.0,2.57
591,5,0.0,13.583333,0.0,1.52
591,4,0.0,17.583333,0.0,1.49
591,3,0.0,8.5833333,0.0,1.88
591,2,0.0,13.583333,0.0,1.64
591,1,0.0,7.5833333,0.0,1.78
590,12,0.0,11.0,0.0,1.96
590,11,0.0,13.0,0.0,2.18
590,10,0.0,12.0,0.0,1.6
590,9,0.0,13.0,0.0,1.59
590,8,0.0,16.0,0.0,1.76
590,7,0.0,12.0,0.0,3.37
590,6,0.0,14.0,0.0,4.16
590,5,0.0,14.0,0.0,1.51
590,4,0.0,11.0,0.0,1.85
590,3,0.0,11.0,0.0,1.97
591,10,0.0,13.583333,0.0,1.82
590,2,0.0,6.0,0.0,1.95
591,11,0.0,9.5833333,0.0,1.68
591,12,0.0,61.583333,0.0,1.77
590,1,0.0,12.0,0.0,1.77
586,12,0.0,45.833333,0.0,0.31
586,11,0.0,49.833333,0.0,0.4
586,10,0.0,47.833333,0.0,0.3
586,9,0.0,54.833333,0.0,0.3
586,8,0.0,51.833333,0.0,0.42
586,7,0.0,48.833333,0.0,0.76
586,6,0.0,45.833333,0.0,0.7
586,5,0.0,50.833333,0.0,0.39
510,1,0.0,8.3333333,0.0,1.6
510,2,0.0,7.3333333,0.0,1.82
510,3,0.0,13.333333,0.0,1.73
510,5,0.0,10.333333,0.0,1.99
510,12,0.0,73.333333,0.0,1.88
510,11,0.0,9.3333333,0.0,1.58
510,10,0.0,8.3333333,0.0,1.82
510,9,0.0,9.3333333,0.0,1.6
510,8,0.0,11.333333,0.0,2.1
510,7,0.0,13.333333,0.0,3.1
510,6,0.0,8.3333333,0.0,2.85
510,4,0.0,13.333333,0.0,1.67
494,9,0.0,47.166667,0.0,0.24
494,8,0.0,58.166667,0.0,0.21
494,7,0.0,53.166667,0.0,0.43
494,6,0.0,49.166667,0.0,0.39
494,5,0.0,58.166667,0.0,0.21
494,4,0.0,58.166667,0.0,0.19
494,3,0.0,33.166667,0.0,0.18
494,2,0.0,49.166667,0.0,0.21
494,1,0.0,57.166667,0.0,0.23
489,1,0.0,57.5,0.0,0.18
489,2,0.0,38.5,0.0,0.19
494,10,0.0,49.166667,0.0,0.19
489,3,0.0,42.5,0.0,0.24
489,5,0.0,54.5,0.0,0.17
490,12,0.0,69.75,0.0,0.17
490,11,0.0,57.75,0.0,0.21
490,10,0.0,55.75,0.0,0.2
490,9,0.0,55.75,0.0,0.18
490,8,0.0,58.75,0.0,0.18
490,7,0.0,52.75,0.0,0.39
490,6,0.0,57.75,0.0,0.41
490,5,0.0,51.75,0.0,0.23
490,4,0.0,52.75,0.0,0.21
490,3,0.0,54.75,0.0,0.19
490,2,0.0,55.75,0.0,0.24
490,1,0.0,41.75,0.0,0.2
489,12,0.0,55.5,0.0,0.22
489,11,0.0,36.5,0.0,0.25
489,10,0.0,49.5,0.0,0.21
489,9,0.0,55.5,0.0,0.21
489,8,0.0,51.5,0.0,0.22
489,7,0.0,55.5,0.0,0.4
489,6,0.0,56.5,0.0,0.42
489,4,0.0,52.5,0.0,0.17
494,11,0.0,57.166667,0.0,0.23
494,12,0.0,60.166667,0.0,0.17
496,8,0.0,10.833333,0.0,1.89
496,7,0.0,8.8333333,0.0,3.73
496,6,0.0,11.833333,0.0,3.2
496,5,0.0,9.8333333,0.0,1.84
496,4,0.0,9.8333333,0.0,2.14
496,3,0.0,15.833333,0.0,1.62
496,2,0.0,11.833333,0.0,1.99
496,1,0.0,9.8333333,0.0,1.64
496,9,0.0,8.8333333,0.0,1.51
496,10,0.0,10.833333,0.0,1.84
496,12,0.0,74.833333,0.0,1.92
496,11,0.0,8.8333333,0.0,2.02
608,11,0.0,57.833333,0.0,0.1
539,12,0.0,61.75,0.0,0.19
539,11,0.0,57.75,0.0,0.24
539,10,0.0,57.75,0.0,0.17
539,9,0.0,54.75,0.0,0.24
539,8,0.0,49.75,0.0,0.22
539,7,0.0,52.75,0.0,0.48
539,6,0.0,51.75,0.0,0.44
539,5,0.0,55.75,0.0,0.17
539,4,0.0,56.75,0.0,0.18
539,3,0.0,55.75,0.0,0.22
539,2,0.0,44.75,0.0,0.22
539,1,0.0,47.75,0.0,0.18
536,12,0.0,45.75,0.0,0.09
536,11,0.0,87.75,0.0,0.09
536,10,0.0,47.75,0.0,0.09
534,10,0.0,12.5,0.0,1.67
534,9,0.0,10.5,0.0,1.5
534,8,0.0,12.5,0.0,1.73
534,7,0.0,25.5,0.0,2.83
534,6,0.0,7.5,0.0,2.77
534,5,0.0,12.5,0.0,1.83
534,4,0.0,6.5,0.0,1.54
534,3,0.0,19.5,0.0,1.75
534,2,0.0,10.5,0.0,1.53
534,1,0.0,15.5,0.0,1.6
534,11,0.0,8.5,0.0,1.83
534,12,0.0,128.5,0.0,1.4
536,9,0.0,89.75,0.0,0.11
536,8,0.0,55.75,0.0,0.11
536,7,0.0,57.75,0.0,0.18
536,6,0.0,57.75,0.0,0.25
536,5,0.0,114.75,0.0,0.11
536,4,0.0,65.75,0.0,0.1
536,3,0.0,54.75,0.0,0.11
536,2,0.0,68.75,0.0,0.09
536,1,0.0,52.75,0.0,0.1
545,12,0.0,58.833333,0.0,0.06
545,11,0.0,71.833333,0.0,0.06
545,10,0.0,60.833333,0.0,0.05
545,9,0.0,42.833333,0.0,0.05
545,8,0.0,52.833333,0.0,0.05
545,7,0.0,42.833333,0.0,0.09
545,6,0.0,64.833333,0.0,0.1
545,4,0.0,58.833333,0.0,0.04
545,3,0.0,40.833333,0.0,0.05
545,2,0.0,39.833333,0.0,0.06
545,1,0.0,49.833333,0.0,0.06
545,5,0.0,49.833333,0.0,0.06
541,12,0.0,52.083333,0.0,0.25
541,11,0.0,46.083333,0.0,0.2
541,10,0.0,63.083333,0.0,0.22
541,9,0.0,53.083333,0.0,0.23
541,8,0.0,48.083333,0.0,0.26
541,7,0.0,58.083333,0.0,0.34
541,6,0.0,50.083333,0.0,0.4
541,5,0.0,54.083333,0.0,0.2
541,4,0.0,57.083333,0.0,0.2
541,3,0.0,50.083333,0.0,0.27
541,2,0.0,55.083333,0.0,0.21
541,1,0.0,50.083333,0.0,0.22
532,12,0.0,42.5,0.0,0.07
525,3,0.0,123.91667,0.0,0.06
525,2,0.0,51.916667,0.0,0.05
525,1,0.0,96.916667,0.0,0.05
519,7,0.0,48.0,0.0,0.37
519,6,0.0,53.0,0.0,0.4
519,5,0.0,56.0,0.0,0.2
519,4,0.0,58.0,0.0,0.23
519,3,0.0,57.0,0.0,0.2
519,2,0.0,48.0,0.0,0.22
519,1,0.0,42.0,0.0,0.24
519,8,0.0,56.0,0.0,0.25
525,4,0.0,56.916667,0.0,0.04
519,9,0.0,58.0,0.0,0.2
519,11,0.0,57.0,0.0,0.2
519,12,0.0,36.0,0.0,0.25
519,10,0.0,54.0,0.0,0.27
525,5,0.0,62.916667,0.0,0.06
525,6,0.0,119.91667,0.0,0.09
525,7,0.0,57.916667,0.0,0.11
530,12,0.0,89.083333,0.0,1.62
530,11,0.0,10.083333,0.0,1.53
530,10,0.0,8.0833333,0.0,1.68
530,9,0.0,8.0833333,0.0,2.06
530,8,0.0,10.083333,0.0,1.69
530,7,0.0,9.0833333,0.0,3.29
530,6,0.0,8.0833333,0.0,3.48
530,5,0.0,11.083333,0.0,1.74
530,4,0.0,8.0833333,0.0,1.91
530,3,0.0,28.083333,0.0,1.8
530,2,0.0,11.083333,0.0,2.1
530,1,0.0,15.083333,0.0,1.82
532,11,0.0,168.5,0.0,0.07
532,10,0.0,144.5,0.0,0.07
532,9,0.0,115.5,0.0,0.08
532,8,0.0,109.5,0.0,0.1
532,7,0.0,129.5,0.0,0.15
532,6,0.0,147.5,0.0,0.13
532,5,0.0,56.5,0.0,0.07
532,4,0.0,78.5,0.0,0.1
532,3,0.0,53.5,0.0,0.09
532,2,0.0,110.5,0.0,0.08
532,1,0.0,162.5,0.0,0.09
526,12,0.0,39.5,0.0,0.25
526,11,0.0,44.5,0.0,0.19
526,10,0.0,57.5,0.0,0.21
526,9,0.0,61.5,0.0,0.24
526,8,0.0,56.5,0.0,0.21
526,7,0.0,47.5,0.0,0.35
526,6,0.0,54.5,0.0,0.46
526,5,0.0,48.5,0.0,0.23
526,4,0.0,54.5,0.0,0.18
526,3,0.0,46.5,0.0,0.21
526,2,0.0,54.5,0.0,0.18
526,1,0.0,51.5,0.0,0.21
525,12,0.0,53.916667,0.0,0.05
525,11,0.0,56.916667,0.0,0.06
525,10,0.0,53.916667,0.0,0.05
525,9,0.0,47.916667,0.0,0.05
525,8,0.0,146.91667,0.0,0.05
608,12,0.0,53.833333,0.0,0.1
685,12,0.0,47.166667,0.0,0.12
685,11,0.0,116.16667,0.0,0.11
685,10,0.0,57.166667,0.0,0.1
685,9,0.0,144.16667,0.0,0.09
685,8,0.0,84.166667,0.0,0.09
685,7,0.0,95.166667,0.0,0.2
685,6,0.0,82.166667,0.0,0.19
685,5,0.0,55.166667,0.0,0.09
685,4,0.0,130.16667,0.0,0.09
685,3,0.0,94.166667,0.0,0.1
697,12,0.0,58.583333,0.0,0.05
697,11,0.0,130.58333,0.0,0.05
697,10,0.0,103.58333,0.0,0.05
697,9,0.0,121.58333,0.0,0.05
697,8,0.0,53.583333,0.0,0.06
697,7,0.0,61.583333,0.0,0.08
697,6,0.0,58.583333,0.0,0.11
697,4,0.0,50.583333,0.0,0.05
697,3,0.0,65.583333,0.0,0.06
697,2,0.0,141.58333,0.0,0.05
697,1,0.0,52.583333,0.0,0.05
696,12,0.0,87.833333,0.0,0.06
696,11,0.0,139.83333,0.0,0.04
696,10,0.0,85.833333,0.0,0.05
696,9,0.0,101.83333,0.0,0.06
697,5,0.0,124.58333,0.0,0.05
696,8,0.0,108.83333,0.0,0.05
696,7,0.0,74.833333,0.0,0.09
696,6,0.0,47.833333,0.0,0.09
696,5,0.0,45.833333,0.0,0.06
696,4,0.0,53.833333,0.0,0.04
696,3,0.0,56.833333,0.0,0.05
696,2,0.0,48.833333,0.0,0.06
696,1,0.0,65.833333,0.0,0.04
685,2,0.0,55.166667,0.0,0.11
685,1,0.0,48.166667,0.0,0.12
675,4,0.0,56.75,0.0,0.32
675,3,0.0,52.75,0.0,0.4
675,2,0.0,52.75,0.0,0.36
675,1,0.0,52.75,0.0,0.37
674,12,0.0,69.75,0.0,2.05
674,11,0.0,8.75,0.0,2.13
674,10,0.0,9.75,0.0,1.78
674,9,0.0,9.75,0.0,1.74
675,5,0.0,49.75,0.0,0.43
674,8,0.0,21.75,0.0,1.94
674,6,0.0,7.75,0.0,3.27
674,5,0.0,13.75,0.0,2.02
674,4,0.0,10.75,0.0,1.86
674,3,0.0,12.75,0.0,2.07
674,2,0.0,10.75,0.0,1.64
674,1,0.0,18.75,0.0,1.52
673,12,0.0,95.833333,0.0,0.2
673,11,0.0,46.833333,0.0,0.25
674,7,0.0,10.75,0.0,3.55
675,6,0.0,51.75,0.0,0.64
675,7,0.0,48.75,0.0,0.55
675,8,0.0,55.75,0.0,0.33
675,12,0.0,45.75,0.0,0.32
675,11,0.0,63.75,0.0,0.31
675,10,0.0,53.75,0.0,0.39
675,9,0.0,58.75,0.0,0.32
673,10,0.0,49.833333,0.0,0.26
673,9,0.0,58.833333,0.0,0.26
673,8,0.0,52.833333,0.0,0.27
673,7,0.0,56.833333,0.0,0.4
670,12,0.0,30.666667,0.0,0.05
670,11,0.0,54.666667,0.0,0.06
670,10,0.0,107.66667,0.0,0.05
670,9,0.0,83.666667,0.0,0.06
670,8,0.0,116.66667,0.0,0.06
670,7,0.0,59.666667,0.0,0.12
670,6,0.0,51.666667,0.0,0.07
670,5,0.0,52.666667,0.0,0.04
670,4,0.0,48.666667,0.0,0.04
670,3,0.0,46.666667,0.0,0.06
670,2,0.0,39.666667,0.0,0.06
670,1,0.0,80.666667,0.0,0.05
673,6,0.0,35.833333,0.0,0.51
673,5,0.0,46.833333,0.0,0.25
673,4,0.0,50.833333,0.0,0.2
673,3,0.0,48.833333,0.0,0.19
673,2,0.0,53.833333,0.0,0.23
673,1,0.0,50.833333,0.0,0.26
682,12,0.0,46.75,0.0,1.92
682,11,0.0,12.75,0.0,1.56
682,10,0.0,13.75,0.0,1.93
682,9,0.0,10.75,0.0,1.5
682,8,0.0,30.75,0.0,1.71
682,7,0.0,11.75,0.0,3.12
682,6,0.0,19.75,0.0,3.61
682,5,0.0,8.75,0.0,1.9
682,4,0.0,12.75,0.0,1.92
682,3,0.0,6.75,0.0,1.66
682,2,0.0,13.75,0.0,1.9
682,1,0.0,11.75,0.0,1.69
669,12,0.0,62.416667,0.0,0.06
717,3,0.0,4.5833333,0.0,1.81
717,2,0.0,12.583333,0.0,1.72
717,1,0.0,20.583333,0.0,1.6
717,4,0.0,5.5833333,0.0,1.55
717,5,0.0,5.5833333,0.0,1.63
717,7,0.0,12.583333,0.0,2.81
718,12,0.0,90.75,0.0,1.55
718,11,0.0,11.75,0.0,1.59
718,10,0.0,12.75,0.0,1.54
718,9,0.0,8.75,0.0,1.87
718,8,0.0,12.75,0.0,1.71
718,7,0.0,9.75,0.0,2.84
718,6,0.0,9.75,0.0,2.38
718,5,0.0,4.75,0.0,1.9
718,4,0.0,8.75,0.0,1.4
718,3,0.0,11.75,0.0,1.45
718,2,0.0,10.75,0.0,1.93
718,1,0.0,11.75,0.0,1.68
717,12,0.0,63.583333,0.0,1.64
717,11,0.0,19.583333,0.0,1.39
717,10,0.0,9.5833333,0.0,1.82
717,9,0.0,10.583333,0.0,1.6
717,8,0.0,13.583333,0.0,1.91
717,6,0.0,10.583333,0.0,2.87
723,1,0.0,12.833333,0.0,1.96
723,3,0.0,13.833333,0.0,1.89
729,12,0.0,38.916667,0.0,0.24
729,11,0.0,54.916667,0.0,0.23
729,10,0.0,53.916667,0.0,0.23
729,9,0.0,52.916667,0.0,0.25
729,8,0.0,54.916667,0.0,0.27
729,7,0.0,55.916667,0.0,0.5
729,6,0.0,45.916667,0.0,0.49
729,5,0.0,57.916667,0.0,0.21
729,4,0.0,56.916667,0.0,0.2
729,3,0.0,44.916667,0.0,0.2
729,2,0.0,55.916667,0.0,0.23
729,1,0.0,56.916667,0.0,0.26
723,12,0.0,71.833333,0.0,1.88
723,11,0.0,9.8333333,0.0,2.16
723,10,0.0,9.8333333,0.0,1.69
723,9,0.0,7.8333333,0.0,1.93
723,8,0.0,10.833333,0.0,2.18
723,7,0.0,13.833333,0.0,3.45
723,6,0.0,12.833333,0.0,3.67
723,5,0.0,17.833333,0.0,1.51
723,4,0.0,11.833333,0.0,2.14
723,2,0.0,12.833333,0.0,1.54
703,12,0.0,29.75,0.0,0.05
703,11,0.0,52.75,0.0,0.05
703,10,0.0,61.75,0.0,0.06
703,9,0.0,86.75,0.0,0.06
703,8,0.0,138.75,0.0,0.06
703,7,0.0,133.75,0.0,0.09
703,6,0.0,106.75,0.0,0.1
703,5,0.0,56.75,0.0,0.05
703,4,0.0,57.75,0.0,0.05
703,3,0.0,89.75,0.0,0.05
703,2,0.0,58.75,0.0,0.05
703,1,0.0,57.75,0.0,0.06
714,12,0.0,57.416667,0.0,0.04
714,11,0.0,135.41667,0.0,0.06
714,10,0.0,112.41667,0.0,0.05
714,9,0.0,157.41667,0.0,0.04
714,8,0.0,62.416667,0.0,0.06
714,7,0.0,60.416667,0.0,0.08
714,6,0.0,148.41667,0.0,0.07
714,5,0.0,85.416667,0.0,0.06
714,4,0.0,125.41667,0.0,0.05
714,3,0.0,80.416667,0.0,0.06
714,2,0.0,52.416667,0.0,0.06
714,1,0.0,58.416667,0.0,0.05
669,11,0.0,53.416667,0.0,0.06
669,9,0.0,123.41667,0.0,0.05
631,8,0.0,97.75,0.0,0.05
631,7,0.0,79.75,0.0,0.1
631,6,0.0,108.75,0.0,0.11
631,5,0.0,84.75,0.0,0.05
631,4,0.0,104.75,0.0,0.05
631,3,0.0,55.75,0.0,0.05
631,2,0.0,131.75,0.0,0.06
631,1,0.0,112.75,0.0,0.06
626,1,0.0,7.75,0.0,1.45
631,9,0.0,56.75,0.0,0.06
626,2,0.0,10.75,0.0,1.69
626,4,0.0,10.75,0.0,1.58
626,12,0.0,83.75,0.0,1.46
626,11,0.0,9.75,0.0,1.4
626,10,0.0,9.75,0.0,1.72
626,9,0.0,11.75,0.0,1.46
626,8,0.0,9.75,0.0,1.39
626,7,0.0,25.75,0.0,2.87
626,6,0.0,8.75,0.0,2.93
626,5,0.0,19.75,0.0,1.6
626,3,0.0,17.75,0.0,1.81
631,10,0.0,121.75,0.0,0.05
631,12,0.0,49.75,0.0,0.06
636,12,0.0,30.833333,0.0,0.4
636,11,0.0,54.833333,0.0,0.37
636,10,0.0,55.833333,0.0,0.38
636,9,0.0,55.833333,0.0,0.39
636,8,0.0,53.833333,0.0,0.34
636,6,0.0,49.833333,0.0,0.66
636,5,0.0,48.833333,0.0,0.38
636,4,0.0,55.833333,0.0,0.31
636,3,0.0,57.833333,0.0,0.37
636,2,0.0,47.833333,0.0,0.4
636,1,0.0,39.833333,0.0,0.39
636,7,0.0,57.833333,0.0,0.68
631,11,0.0,49.75,0.0,0.05
616,5,0.0,55.25,0.0,0.25
616,4,0.0,55.25,0.0,0.21
616,3,0.0,47.25,0.0,0.25
616,2,0.0,46.25,0.0,0.21
616,1,0.0,46.25,0.0,0.21
616,6,0.0,72.25,0.0,0.45
616,7,0.0,52.25,0.0,0.29
616,8,0.0,60.25,0.0,0.18
616,9,0.0,54.25,0.0,0.2
622,2,0.0,53.083333,0.0,0.25
622,1,0.0,35.083333,0.0,0.24
620,12,0.0,52.666667,0.0,1.79
620,11,0.0,8.6666667,0.0,1.61
620,10,0.0,13.666667,0.0,1.88
620,9,0.0,12.666667,0.0,1.92
620,8,0.0,20.666667,0.0,1.58
622,3,0.0,50.083333,0.0,0.22
620,7,0.0,7.6666667,0.0,3.46
622,4,0.0,57.083333,0.0,0.21
622,6,0.0,64.083333,0.0,0.35
623,12,0.0,140.83333,0.0,1.35
623,11,0.0,10.833333,0.0,1.62
623,10,0.0,6.8333333,0.0,1.59
623,9,0.0,11.833333,0.0,1.87
623,8,0.0,9.8333333,0.0,1.5
623,7,0.0,9.8333333,0.0,3.51
623,6,0.0,9.8333333,0.0,3.61
623,5,0.0,12.833333,0.0,1.93
623,4,0.0,9.8333333,0.0,1.7
623,3,0.0,17.833333,0.0,1.49
623,2,0.0,16.833333,0.0,1.89
623,1,0.0,6.8333333,0.0,1.39
622,12,0.0,93.083333,0.0,0.2
622,11,0.0,46.083333,0.0,0.18
622,10,0.0,55.083333,0.0,0.25
622,9,0.0,43.083333,0.0,0.22
622,8,0.0,50.083333,0.0,0.21
622,7,0.0,50.083333,0.0,0.32
622,5,0.0,50.083333,0.0,0.2
620,6,0.0,12.666667,0.0,3.7
620,4,0.0,8.6666667,0.0,1.64
618,4,0.0,46.666667,0.0,0.21
618,3,0.0,48.666667,0.0,0.21
618,2,0.0,47.666667,0.0,0.18
618,1,0.0,41.666667,0.0,0.24
616,12,0.0,82.25,0.0,0.21
616,11,0.0,57.25,0.0,0.22
616,10,0.0,57.25,0.0,0.23
618,5,0.0,68.666667,0.0,0.19
620,5,0.0,12.666667,0.0,2.18
618,6,0.0,45.666667,0.0,0.42
618,8,0.0,53.666667,0.0,0.2
620,3,0.0,13.666667,0.0,1.61
620,2,0.0,9.6666667,0.0,2.0
620,1,0.0,8.6666667,0.0,1.79
618,12,0.0,45.666667,0.0,0.24
618,11,0.0,55.666667,0.0,0.22
618,10,0.0,56.666667,0.0,0.23
618,9,0.0,51.666667,0.0,0.21
618,7,0.0,46.666667,0.0,0.31
669,10,0.0,119.41667,0.0,0.05
658,12,0.0,39.583333,0.0,0.05
658,11,0.0,60.583333,0.0,0.06
658,10,0.0,119.58333,0.0,0.05
658,9,0.0,54.583333,0.0,0.05
661,12,0.0,62.5,0.0,0.43
661,11,0.0,44.5,0.0,0.37
661,10,0.0,51.5,0.0,0.43
661,9,0.0,59.5,0.0,0.38
661,8,0.0,40.5,0.0,0.39
661,7,0.0,56.5,0.0,0.58
661,6,0.0,53.5,0.0,0.73
661,5,0.0,54.5,0.0,0.43
661,4,0.0,54.5,0.0,0.43
661,3,0.0,53.5,0.0,0.32
661,2,0.0,46.5,0.0,0.31
661,1,0.0,56.5,0.0,0.34
658,8,0.0,76.583333,0.0,0.05
658,7,0.0,80.583333,0.0,0.09
658,6,0.0,144.58333,0.0,0.09
658,5,0.0,65.583333,0.0,0.06
658,4,0.0,104.58333,0.0,0.04
658,3,0.0,104.58333,0.0,0.04
658,2,0.0,59.583333,0.0,0.06
658,1,0.0,53.583333,0.0,0.05
667,9,0.0,127.66667,0.0,0.05
667,8,0.0,58.666667,0.0,0.05
667,7,0.0,45.666667,0.0,0.11
667,6,0.0,55.666667,0.0,0.1
667,5,0.0,65.666667,0.0,0.06
667,4,0.0,68.666667,0.0,0.06
667,3,0.0,55.666667,0.0,0.05
667,2,0.0,43.666667,0.0,0.05
667,10,0.0,32.666667,0.0,0.05
667,1,0.0,53.666667,0.0,0.06
666,11,0.0,136.58333,0.0,0.06
666,10,0.0,70.583333,0.0,0.06
666,9,0.0,63.583333,0.0,0.04
666,8,0.0,95.583333,0.0,0.05
666,7,0.0,57.583333,0.0,0.08
666,6,0.0,118.58333,0.0,0.11
666,5,0.0,101.58333,0.0,0.06
666,4,0.0,80.583333,0.0,0.04
666,12,0.0,33.583333,0.0,0.04
667,11,0.0,48.666667,0.0,0.05
667,12,0.0,74.666667,0.0,0.04
669,8,0.0,134.41667,0.0,0.05
669,7,0.0,144.41667,0.0,0.1
669,6,0.0,97.416667,0.0,0.09
669,5,0.0,137.41667,0.0,0.05
669,4,0.0,94.416667,0.0,0.04
669,3,0.0,55.416667,0.0,0.05
669,2,0.0,53.416667,0.0,0.05
669,1,0.0,51.416667,0.0,0.04
666,3,0.0,54.583333,0.0,0.06
666,2,0.0,76.583333,0.0,0.05
666,1,0.0,57.583333,0.0,0.05
664,1,0.0,116.41667,0.0,0.05
664,2,0.0,52.416667,0.0,0.04
664,4,0.0,146.41667,0.0,0.06
664,12,0.0,53.416667,0.0,0.05
664,11,0.0,57.416667,0.0,0.04
664,10,0.0,71.416667,0.0,0.05
664,9,0.0,162.41667,0.0,0.05
664,8,0.0,58.416667,0.0,0.05
664,7,0.0,72.416667,0.0,0.11
664,6,0.0,87.416667,0.0,0.09
664,5,0.0,56.416667,0.0,0.05
664,3,0.0,55.416667,0.0,0.05
653,12,0.0,28.166667,0.0,0.24
653,11,0.0,48.166667,0.0,0.23
653,10,0.0,62.166667,0.0,0.19
653,9,0.0,55.166667,0.0,0.27
653,8,0.0,57.166667,0.0,0.2
653,7,0.0,55.166667,0.0,0.47
653,6,0.0,58.166667,0.0,0.43
653,5,0.0,48.166667,0.0,0.22
653,4,0.0,53.166667,0.0,0.21
653,3,0.0,50.166667,0.0,0.24
653,2,0.0,48.166667,0.0,0.23
653,1,0.0,54.166667,0.0,0.23
